2025-05-11 21:49:23,680 INFO  [background-preinit] o.h.v.i.u.Version: HV000001: Hibernate Validator 8.0.1.Final
2025-05-11 21:49:23,712 INFO  [main] o.s.b.StartupInfoLogger: Starting ThutoThebeApplication using Java 17.0.14 with PID 264837 (/home/obakengm/Personal/thutothebe/backend/target/classes started by obakengm in /home/obakengm/Personal/thutothebe)
2025-05-11 21:49:23,713 DEBUG [main] o.s.b.StartupInfoLogger: Running with Spring Boot v3.2.3, Spring v6.1.4
2025-05-11 21:49:23,713 INFO  [main] o.s.b.SpringApplication: No active profile set, falling back to 1 default profile: "default"
2025-05-11 21:49:24,431 INFO  [main] o.s.d.r.c.RepositoryConfigurationDelegate: Bootstrapping Spring Data JPA repositories in DEFAULT mode.
2025-05-11 21:49:24,475 INFO  [main] o.s.d.r.c.RepositoryConfigurationDelegate: Finished Spring Data repository scanning in 39 ms. Found 4 JPA repository interfaces.
2025-05-11 21:49:24,885 INFO  [main] o.s.b.w.e.t.TomcatWebServer: Tomcat initialized with port 8080 (http)
2025-05-11 21:49:24,893 INFO  [main] o.a.j.l.DirectJDKLog: Initializing ProtocolHandler ["http-nio-8080"]
2025-05-11 21:49:24,895 INFO  [main] o.a.j.l.DirectJDKLog: Starting service [Tomcat]
2025-05-11 21:49:24,895 INFO  [main] o.a.j.l.DirectJDKLog: Starting Servlet engine: [Apache Tomcat/10.1.19]
2025-05-11 21:49:24,934 INFO  [main] o.a.j.l.DirectJDKLog: Initializing Spring embedded WebApplicationContext
2025-05-11 21:49:24,935 INFO  [main] o.s.b.w.s.c.ServletWebServerApplicationContext: Root WebApplicationContext: initialization completed in 1188 ms
2025-05-11 21:49:25,051 INFO  [main] c.z.h.HikariDataSource: ThutoLMSHikariPool - Starting...
2025-05-11 21:49:25,209 INFO  [main] c.z.h.p.HikariPool: ThutoLMSHikariPool - Added connection org.postgresql.jdbc.PgConnection@464aeb09
2025-05-11 21:49:25,211 INFO  [main] c.z.h.HikariDataSource: ThutoLMSHikariPool - Start completed.
2025-05-11 21:49:25,274 INFO  [main] o.f.c.i.l.s.Slf4jLog: Flyway Community Edition 9.22.3 by Redgate
2025-05-11 21:49:25,274 INFO  [main] o.f.c.i.l.s.Slf4jLog: See release notes here: https://rd.gt/416ObMi
2025-05-11 21:49:25,274 INFO  [main] o.f.c.i.l.s.Slf4jLog: 
2025-05-11 21:49:25,283 INFO  [main] o.f.c.i.l.s.Slf4jLog: Database: jdbc:postgresql://localhost:5432/thutothebe (PostgreSQL 13.20)
2025-05-11 21:49:25,301 INFO  [main] o.f.c.i.l.s.Slf4jLog: Successfully validated 0 migrations (execution time 00:00.007s)
2025-05-11 21:49:25,301 WARN  [main] o.f.c.i.l.s.Slf4jLog: No migrations found. Are your locations set up correctly?
2025-05-11 21:49:25,330 INFO  [main] o.f.c.i.l.s.Slf4jLog: Current version of schema "public": << Empty Schema >>
2025-05-11 21:49:25,333 INFO  [main] o.f.c.i.l.s.Slf4jLog: Schema "public" is up to date. No migration necessary.
2025-05-11 21:49:25,417 INFO  [main] o.h.j.i.u.LogHelper: HHH000204: Processing PersistenceUnitInfo [name: default]
2025-05-11 21:49:25,462 INFO  [main] o.h.Version: HHH000412: Hibernate ORM core version 6.4.4.Final
2025-05-11 21:49:25,492 INFO  [main] o.h.c.i.RegionFactoryInitiator: HHH000025: Second-level cache region factory [org.hibernate.cache.jcache.internal.JCacheRegionFactory]
2025-05-11 21:49:25,659 INFO  [main] o.s.o.j.p.SpringPersistenceUnitInfo: No LoadTimeWeaver setup: ignoring JPA class transformer
2025-05-11 21:49:25,698 WARN  [main] o.h.e.j.d.i.DialectFactoryImpl: HHH90000025: PostgreSQLDialect does not need to be specified explicitly using 'hibernate.dialect' (remove the property setting and it will be selected by default)
2025-05-11 21:49:26,788 INFO  [main] o.h.e.t.j.p.i.JtaPlatformInitiator: HHH000489: No JTA platform available (set 'hibernate.transaction.jta.platform' to enable JTA platform integration)
2025-05-11 21:49:26,889 INFO  [main] o.s.o.j.AbstractEntityManagerFactoryBean: Initialized JPA EntityManagerFactory for persistence unit 'default'
2025-05-11 21:49:27,158 INFO  [main] o.s.d.j.r.q.QueryEnhancerFactory: Hibernate is in classpath; If applicable, HQL parser will be used.
2025-05-11 21:49:27,741 WARN  [main] o.s.b.a.o.j.JpaBaseConfiguration$JpaWebConfiguration: spring.jpa.open-in-view is enabled by default. Therefore, database queries may be performed during view rendering. Explicitly configure spring.jpa.open-in-view to disable this warning
2025-05-11 21:49:27,755 WARN  [main] o.s.b.a.s.s.UserDetailsServiceAutoConfiguration: 

Using generated security password: 94f061b2-2829-472d-9e30-6b36be4f5c20

This generated password is for development use only. Your security configuration must be updated before running your application in production.

2025-05-11 21:49:27,999 INFO  [main] o.s.s.w.DefaultSecurityFilterChain: Will secure any request with [org.springframework.security.web.session.DisableEncodeUrlFilter@3366a998, org.springframework.security.web.context.request.async.WebAsyncManagerIntegrationFilter@3c0403a, org.springframework.security.web.context.SecurityContextHolderFilter@568cc1c5, org.springframework.security.web.header.HeaderWriterFilter@17125ea9, org.springframework.web.filter.CorsFilter@5ea206bc, org.springframework.security.web.authentication.logout.LogoutFilter@4f549906, org.springframework.security.web.savedrequest.RequestCacheAwareFilter@14d3bee8, org.springframework.security.web.servletapi.SecurityContextHolderAwareRequestFilter@3118a, org.springframework.security.web.authentication.AnonymousAuthenticationFilter@7c87c960, org.springframework.security.web.access.ExceptionTranslationFilter@75401424, org.springframework.security.web.access.intercept.AuthorizationFilter@6a1b51a7]
2025-05-11 21:49:28,151 WARN  [main] o.s.b.a.t.ThymeleafAutoConfiguration$DefaultTemplateResolverConfiguration: Cannot find template location: classpath:/templates/ (please add some templates, check your Thymeleaf configuration, or set spring.thymeleaf.check-template-location=false)
2025-05-11 21:49:28,386 INFO  [main] o.a.j.l.DirectJDKLog: Starting ProtocolHandler ["http-nio-8080"]
2025-05-11 21:49:28,402 INFO  [main] o.s.b.w.e.t.TomcatWebServer: Tomcat started on port 8080 (http) with context path '/api'
2025-05-11 21:49:28,423 INFO  [main] o.s.b.StartupInfoLogger: Started ThutoThebeApplication in 5.184 seconds (process running for 5.653)
2025-05-11 21:49:40,395 INFO  [http-nio-8080-exec-2] o.a.j.l.DirectJDKLog: Initializing Spring DispatcherServlet 'dispatcherServlet'
2025-05-11 21:49:40,395 INFO  [http-nio-8080-exec-2] o.s.w.s.FrameworkServlet: Initializing Servlet 'dispatcherServlet'
2025-05-11 21:49:40,397 INFO  [http-nio-8080-exec-2] o.s.w.s.FrameworkServlet: Completed initialization in 2 ms
2025-05-11 21:50:38,840 INFO  [SpringApplicationShutdownHook] o.s.o.j.AbstractEntityManagerFactoryBean: Closing JPA EntityManagerFactory for persistence unit 'default'
2025-05-11 21:50:38,843 WARN  [SpringApplicationShutdownHook] o.h.c.s.AbstractRegionFactory: HHH90001002: Attempt to restop an already stopped JCacheRegionFactory.
2025-05-11 21:50:38,846 INFO  [SpringApplicationShutdownHook] c.z.h.HikariDataSource: ThutoLMSHikariPool - Shutdown initiated...
2025-05-11 21:50:38,848 INFO  [SpringApplicationShutdownHook] c.z.h.HikariDataSource: ThutoLMSHikariPool - Shutdown completed.
2025-05-11 21:50:41,794 INFO  [background-preinit] o.h.v.i.u.Version: HV000001: Hibernate Validator 8.0.1.Final
2025-05-11 21:50:41,827 INFO  [main] o.s.b.StartupInfoLogger: Starting ThutoThebeApplication using Java 17.0.14 with PID 266628 (/home/obakengm/Personal/thutothebe/backend/target/classes started by obakengm in /home/obakengm/Personal/thutothebe)
2025-05-11 21:50:41,828 DEBUG [main] o.s.b.StartupInfoLogger: Running with Spring Boot v3.2.3, Spring v6.1.4
2025-05-11 21:50:41,829 INFO  [main] o.s.b.SpringApplication: No active profile set, falling back to 1 default profile: "default"
2025-05-11 21:50:42,517 INFO  [main] o.s.d.r.c.RepositoryConfigurationDelegate: Bootstrapping Spring Data JPA repositories in DEFAULT mode.
2025-05-11 21:50:42,564 INFO  [main] o.s.d.r.c.RepositoryConfigurationDelegate: Finished Spring Data repository scanning in 41 ms. Found 4 JPA repository interfaces.
2025-05-11 21:50:42,972 INFO  [main] o.s.b.w.e.t.TomcatWebServer: Tomcat initialized with port 8080 (http)
2025-05-11 21:50:42,980 INFO  [main] o.a.j.l.DirectJDKLog: Initializing ProtocolHandler ["http-nio-8080"]
2025-05-11 21:50:42,981 INFO  [main] o.a.j.l.DirectJDKLog: Starting service [Tomcat]
2025-05-11 21:50:42,982 INFO  [main] o.a.j.l.DirectJDKLog: Starting Servlet engine: [Apache Tomcat/10.1.19]
2025-05-11 21:50:43,022 INFO  [main] o.a.j.l.DirectJDKLog: Initializing Spring embedded WebApplicationContext
2025-05-11 21:50:43,022 INFO  [main] o.s.b.w.s.c.ServletWebServerApplicationContext: Root WebApplicationContext: initialization completed in 1159 ms
2025-05-11 21:50:43,112 INFO  [main] c.z.h.HikariDataSource: ThutoLMSHikariPool - Starting...
2025-05-11 21:50:43,233 INFO  [main] c.z.h.p.HikariPool: ThutoLMSHikariPool - Added connection org.postgresql.jdbc.PgConnection@13004dd8
2025-05-11 21:50:43,235 INFO  [main] c.z.h.HikariDataSource: ThutoLMSHikariPool - Start completed.
2025-05-11 21:50:43,292 INFO  [main] o.f.c.i.l.s.Slf4jLog: Flyway Community Edition 9.22.3 by Redgate
2025-05-11 21:50:43,292 INFO  [main] o.f.c.i.l.s.Slf4jLog: See release notes here: https://rd.gt/416ObMi
2025-05-11 21:50:43,292 INFO  [main] o.f.c.i.l.s.Slf4jLog: 
2025-05-11 21:50:43,301 INFO  [main] o.f.c.i.l.s.Slf4jLog: Database: jdbc:postgresql://localhost:5432/thutothebe (PostgreSQL 13.20)
2025-05-11 21:50:43,334 INFO  [main] o.f.c.i.l.s.Slf4jLog: Successfully validated 0 migrations (execution time 00:00.022s)
2025-05-11 21:50:43,335 WARN  [main] o.f.c.i.l.s.Slf4jLog: No migrations found. Are your locations set up correctly?
2025-05-11 21:50:43,374 INFO  [main] o.f.c.i.l.s.Slf4jLog: Current version of schema "public": << Empty Schema >>
2025-05-11 21:50:43,377 INFO  [main] o.f.c.i.l.s.Slf4jLog: Schema "public" is up to date. No migration necessary.
2025-05-11 21:50:43,454 INFO  [main] o.h.j.i.u.LogHelper: HHH000204: Processing PersistenceUnitInfo [name: default]
2025-05-11 21:50:43,499 INFO  [main] o.h.Version: HHH000412: Hibernate ORM core version 6.4.4.Final
2025-05-11 21:50:43,530 INFO  [main] o.h.c.i.RegionFactoryInitiator: HHH000025: Second-level cache region factory [org.hibernate.cache.jcache.internal.JCacheRegionFactory]
2025-05-11 21:50:43,690 INFO  [main] o.s.o.j.p.SpringPersistenceUnitInfo: No LoadTimeWeaver setup: ignoring JPA class transformer
2025-05-11 21:50:43,731 WARN  [main] o.h.e.j.d.i.DialectFactoryImpl: HHH90000025: PostgreSQLDialect does not need to be specified explicitly using 'hibernate.dialect' (remove the property setting and it will be selected by default)
2025-05-11 21:50:44,853 INFO  [main] o.h.e.t.j.p.i.JtaPlatformInitiator: HHH000489: No JTA platform available (set 'hibernate.transaction.jta.platform' to enable JTA platform integration)
2025-05-11 21:50:44,959 INFO  [main] o.s.o.j.AbstractEntityManagerFactoryBean: Initialized JPA EntityManagerFactory for persistence unit 'default'
2025-05-11 21:50:45,243 INFO  [main] o.s.d.j.r.q.QueryEnhancerFactory: Hibernate is in classpath; If applicable, HQL parser will be used.
2025-05-11 21:50:45,750 WARN  [main] o.s.b.a.o.j.JpaBaseConfiguration$JpaWebConfiguration: spring.jpa.open-in-view is enabled by default. Therefore, database queries may be performed during view rendering. Explicitly configure spring.jpa.open-in-view to disable this warning
2025-05-11 21:50:45,766 WARN  [main] o.s.b.a.s.s.UserDetailsServiceAutoConfiguration: 

Using generated security password: 5e3cf852-7765-4e7b-929e-f85bbb13ce12

This generated password is for development use only. Your security configuration must be updated before running your application in production.

2025-05-11 21:50:46,019 INFO  [main] o.s.s.w.DefaultSecurityFilterChain: Will secure any request with [org.springframework.security.web.session.DisableEncodeUrlFilter@e2bdc58, org.springframework.security.web.context.request.async.WebAsyncManagerIntegrationFilter@bc007f5, org.springframework.security.web.context.SecurityContextHolderFilter@6afed88d, org.springframework.security.web.header.HeaderWriterFilter@3be4e71c, org.springframework.web.filter.CorsFilter@42b2319c, org.springframework.security.web.authentication.logout.LogoutFilter@68178281, org.springframework.security.web.savedrequest.RequestCacheAwareFilter@26b9a264, org.springframework.security.web.servletapi.SecurityContextHolderAwareRequestFilter@2c1a86e1, org.springframework.security.web.authentication.AnonymousAuthenticationFilter@40c65a03, org.springframework.security.web.access.ExceptionTranslationFilter@7c4c091a, org.springframework.security.web.access.intercept.AuthorizationFilter@634cd45c]
2025-05-11 21:50:46,151 WARN  [main] o.s.b.a.t.ThymeleafAutoConfiguration$DefaultTemplateResolverConfiguration: Cannot find template location: classpath:/templates/ (please add some templates, check your Thymeleaf configuration, or set spring.thymeleaf.check-template-location=false)
2025-05-11 21:50:46,331 INFO  [main] o.a.j.l.DirectJDKLog: Starting ProtocolHandler ["http-nio-8080"]
2025-05-11 21:50:46,343 INFO  [main] o.s.b.w.e.t.TomcatWebServer: Tomcat started on port 8080 (http) with context path '/api'
2025-05-11 21:50:46,353 INFO  [main] o.s.b.StartupInfoLogger: Started ThutoThebeApplication in 5.023 seconds (process running for 5.493)
2025-05-11 21:50:56,190 INFO  [http-nio-8080-exec-2] o.a.j.l.DirectJDKLog: Initializing Spring DispatcherServlet 'dispatcherServlet'
2025-05-11 21:50:56,190 INFO  [http-nio-8080-exec-2] o.s.w.s.FrameworkServlet: Initializing Servlet 'dispatcherServlet'
2025-05-11 21:50:56,192 INFO  [http-nio-8080-exec-2] o.s.w.s.FrameworkServlet: Completed initialization in 1 ms
2025-05-11 21:52:51,153 INFO  [SpringApplicationShutdownHook] o.s.o.j.AbstractEntityManagerFactoryBean: Closing JPA EntityManagerFactory for persistence unit 'default'
2025-05-11 21:52:51,156 WARN  [SpringApplicationShutdownHook] o.h.c.s.AbstractRegionFactory: HHH90001002: Attempt to restop an already stopped JCacheRegionFactory.
2025-05-11 21:52:51,157 INFO  [SpringApplicationShutdownHook] c.z.h.HikariDataSource: ThutoLMSHikariPool - Shutdown initiated...
2025-05-11 21:52:51,159 INFO  [SpringApplicationShutdownHook] c.z.h.HikariDataSource: ThutoLMSHikariPool - Shutdown completed.
2025-05-11 21:52:54,430 INFO  [background-preinit] o.h.v.i.u.Version: HV000001: Hibernate Validator 8.0.1.Final
2025-05-11 21:52:54,473 INFO  [main] o.s.b.StartupInfoLogger: Starting ThutoThebeApplication using Java 17.0.14 with PID 269614 (/home/obakengm/Personal/thutothebe/backend/target/classes started by obakengm in /home/obakengm/Personal/thutothebe)
2025-05-11 21:52:54,474 DEBUG [main] o.s.b.StartupInfoLogger: Running with Spring Boot v3.2.3, Spring v6.1.4
2025-05-11 21:52:54,477 INFO  [main] o.s.b.SpringApplication: No active profile set, falling back to 1 default profile: "default"
2025-05-11 21:52:55,311 INFO  [main] o.s.d.r.c.RepositoryConfigurationDelegate: Bootstrapping Spring Data JPA repositories in DEFAULT mode.
2025-05-11 21:52:55,391 INFO  [main] o.s.d.r.c.RepositoryConfigurationDelegate: Finished Spring Data repository scanning in 73 ms. Found 4 JPA repository interfaces.
2025-05-11 21:52:55,832 INFO  [main] o.s.b.w.e.t.TomcatWebServer: Tomcat initialized with port 8080 (http)
2025-05-11 21:52:55,840 INFO  [main] o.a.j.l.DirectJDKLog: Initializing ProtocolHandler ["http-nio-8080"]
2025-05-11 21:52:55,841 INFO  [main] o.a.j.l.DirectJDKLog: Starting service [Tomcat]
2025-05-11 21:52:55,842 INFO  [main] o.a.j.l.DirectJDKLog: Starting Servlet engine: [Apache Tomcat/10.1.19]
2025-05-11 21:52:55,880 INFO  [main] o.a.j.l.DirectJDKLog: Initializing Spring embedded WebApplicationContext
2025-05-11 21:52:55,880 INFO  [main] o.s.b.w.s.c.ServletWebServerApplicationContext: Root WebApplicationContext: initialization completed in 1342 ms
2025-05-11 21:52:55,981 INFO  [main] c.z.h.HikariDataSource: ThutoLMSHikariPool - Starting...
2025-05-11 21:52:56,107 INFO  [main] c.z.h.p.HikariPool: ThutoLMSHikariPool - Added connection org.postgresql.jdbc.PgConnection@2c99c8d
2025-05-11 21:52:56,109 INFO  [main] c.z.h.HikariDataSource: ThutoLMSHikariPool - Start completed.
2025-05-11 21:52:56,170 INFO  [main] o.f.c.i.l.s.Slf4jLog: Flyway Community Edition 9.22.3 by Redgate
2025-05-11 21:52:56,171 INFO  [main] o.f.c.i.l.s.Slf4jLog: See release notes here: https://rd.gt/416ObMi
2025-05-11 21:52:56,171 INFO  [main] o.f.c.i.l.s.Slf4jLog: 
2025-05-11 21:52:56,180 INFO  [main] o.f.c.i.l.s.Slf4jLog: Database: jdbc:postgresql://localhost:5432/thutothebe (PostgreSQL 13.20)
2025-05-11 21:52:56,199 INFO  [main] o.f.c.i.l.s.Slf4jLog: Successfully validated 0 migrations (execution time 00:00.007s)
2025-05-11 21:52:56,199 WARN  [main] o.f.c.i.l.s.Slf4jLog: No migrations found. Are your locations set up correctly?
2025-05-11 21:52:56,242 INFO  [main] o.f.c.i.l.s.Slf4jLog: Current version of schema "public": << Empty Schema >>
2025-05-11 21:52:56,247 INFO  [main] o.f.c.i.l.s.Slf4jLog: Schema "public" is up to date. No migration necessary.
2025-05-11 21:52:56,337 INFO  [main] o.h.j.i.u.LogHelper: HHH000204: Processing PersistenceUnitInfo [name: default]
2025-05-11 21:52:56,386 INFO  [main] o.h.Version: HHH000412: Hibernate ORM core version 6.4.4.Final
2025-05-11 21:52:56,417 INFO  [main] o.h.c.i.RegionFactoryInitiator: HHH000025: Second-level cache region factory [org.hibernate.cache.jcache.internal.JCacheRegionFactory]
2025-05-11 21:52:56,612 INFO  [main] o.s.o.j.p.SpringPersistenceUnitInfo: No LoadTimeWeaver setup: ignoring JPA class transformer
2025-05-11 21:52:56,654 WARN  [main] o.h.e.j.d.i.DialectFactoryImpl: HHH90000025: PostgreSQLDialect does not need to be specified explicitly using 'hibernate.dialect' (remove the property setting and it will be selected by default)
2025-05-11 21:52:57,787 INFO  [main] o.h.e.t.j.p.i.JtaPlatformInitiator: HHH000489: No JTA platform available (set 'hibernate.transaction.jta.platform' to enable JTA platform integration)
2025-05-11 21:52:57,886 INFO  [main] o.s.o.j.AbstractEntityManagerFactoryBean: Initialized JPA EntityManagerFactory for persistence unit 'default'
2025-05-11 21:52:58,159 INFO  [main] o.s.d.j.r.q.QueryEnhancerFactory: Hibernate is in classpath; If applicable, HQL parser will be used.
2025-05-11 21:52:58,651 WARN  [main] o.s.b.a.o.j.JpaBaseConfiguration$JpaWebConfiguration: spring.jpa.open-in-view is enabled by default. Therefore, database queries may be performed during view rendering. Explicitly configure spring.jpa.open-in-view to disable this warning
2025-05-11 21:52:58,666 WARN  [main] o.s.b.a.s.s.UserDetailsServiceAutoConfiguration: 

Using generated security password: af967c5a-aa3d-4d56-9d06-99b4f12f19c8

This generated password is for development use only. Your security configuration must be updated before running your application in production.

2025-05-11 21:52:58,933 INFO  [main] o.s.s.w.DefaultSecurityFilterChain: Will secure any request with [org.springframework.security.web.session.DisableEncodeUrlFilter@3c0403a, org.springframework.security.web.context.request.async.WebAsyncManagerIntegrationFilter@5ea206bc, org.springframework.security.web.context.SecurityContextHolderFilter@536e3aab, org.springframework.security.web.header.HeaderWriterFilter@2d8a45a, org.springframework.web.filter.CorsFilter@7c87c960, org.springframework.security.web.authentication.logout.LogoutFilter@634cd45c, org.springframework.security.web.savedrequest.RequestCacheAwareFilter@3118a, org.springframework.security.web.servletapi.SecurityContextHolderAwareRequestFilter@30b16aa6, org.springframework.security.web.authentication.AnonymousAuthenticationFilter@7a2b8501, org.springframework.security.web.access.ExceptionTranslationFilter@571ecfe2, org.springframework.security.web.access.intercept.AuthorizationFilter@43b3d197]
2025-05-11 21:52:59,059 WARN  [main] o.s.b.a.t.ThymeleafAutoConfiguration$DefaultTemplateResolverConfiguration: Cannot find template location: classpath:/templates/ (please add some templates, check your Thymeleaf configuration, or set spring.thymeleaf.check-template-location=false)
2025-05-11 21:52:59,242 INFO  [main] o.a.j.l.DirectJDKLog: Starting ProtocolHandler ["http-nio-8080"]
2025-05-11 21:52:59,252 INFO  [main] o.s.b.w.e.t.TomcatWebServer: Tomcat started on port 8080 (http) with context path '/api'
2025-05-11 21:52:59,262 INFO  [main] o.s.b.StartupInfoLogger: Started ThutoThebeApplication in 5.253 seconds (process running for 5.883)
2025-05-11 21:53:07,160 INFO  [http-nio-8080-exec-2] o.a.j.l.DirectJDKLog: Initializing Spring DispatcherServlet 'dispatcherServlet'
2025-05-11 21:53:07,161 INFO  [http-nio-8080-exec-2] o.s.w.s.FrameworkServlet: Initializing Servlet 'dispatcherServlet'
2025-05-11 21:53:07,163 INFO  [http-nio-8080-exec-2] o.s.w.s.FrameworkServlet: Completed initialization in 2 ms
2025-05-11 21:55:17,763 INFO  [SpringApplicationShutdownHook] o.s.o.j.AbstractEntityManagerFactoryBean: Closing JPA EntityManagerFactory for persistence unit 'default'
2025-05-11 21:55:17,767 WARN  [SpringApplicationShutdownHook] o.h.c.s.AbstractRegionFactory: HHH90001002: Attempt to restop an already stopped JCacheRegionFactory.
2025-05-11 21:55:17,770 INFO  [SpringApplicationShutdownHook] c.z.h.HikariDataSource: ThutoLMSHikariPool - Shutdown initiated...
2025-05-11 21:55:17,773 INFO  [SpringApplicationShutdownHook] c.z.h.HikariDataSource: ThutoLMSHikariPool - Shutdown completed.
2025-05-11 21:55:21,055 INFO  [background-preinit] o.h.v.i.u.Version: HV000001: Hibernate Validator 8.0.1.Final
2025-05-11 21:55:21,097 INFO  [main] o.s.b.StartupInfoLogger: Starting ThutoThebeApplication using Java 17.0.14 with PID 273023 (/home/obakengm/Personal/thutothebe/backend/target/classes started by obakengm in /home/obakengm/Personal/thutothebe)
2025-05-11 21:55:21,097 DEBUG [main] o.s.b.StartupInfoLogger: Running with Spring Boot v3.2.3, Spring v6.1.4
2025-05-11 21:55:21,098 INFO  [main] o.s.b.SpringApplication: No active profile set, falling back to 1 default profile: "default"
2025-05-11 21:55:21,830 INFO  [main] o.s.d.r.c.RepositoryConfigurationDelegate: Bootstrapping Spring Data JPA repositories in DEFAULT mode.
2025-05-11 21:55:21,875 INFO  [main] o.s.d.r.c.RepositoryConfigurationDelegate: Finished Spring Data repository scanning in 40 ms. Found 4 JPA repository interfaces.
2025-05-11 21:55:22,310 INFO  [main] o.s.b.w.e.t.TomcatWebServer: Tomcat initialized with port 8080 (http)
2025-05-11 21:55:22,318 INFO  [main] o.a.j.l.DirectJDKLog: Initializing ProtocolHandler ["http-nio-8080"]
2025-05-11 21:55:22,320 INFO  [main] o.a.j.l.DirectJDKLog: Starting service [Tomcat]
2025-05-11 21:55:22,320 INFO  [main] o.a.j.l.DirectJDKLog: Starting Servlet engine: [Apache Tomcat/10.1.19]
2025-05-11 21:55:22,361 INFO  [main] o.a.j.l.DirectJDKLog: Initializing Spring embedded WebApplicationContext
2025-05-11 21:55:22,361 INFO  [main] o.s.b.w.s.c.ServletWebServerApplicationContext: Root WebApplicationContext: initialization completed in 1222 ms
2025-05-11 21:55:22,399 DEBUG [main] o.s.w.f.GenericFilterBean: Filter 'securityDebugFilter' configured for use
2025-05-11 21:55:22,455 INFO  [main] c.z.h.HikariDataSource: ThutoLMSHikariPool - Starting...
2025-05-11 21:55:22,595 INFO  [main] c.z.h.p.HikariPool: ThutoLMSHikariPool - Added connection org.postgresql.jdbc.PgConnection@45b7c97f
2025-05-11 21:55:22,596 INFO  [main] c.z.h.HikariDataSource: ThutoLMSHikariPool - Start completed.
2025-05-11 21:55:22,653 INFO  [main] o.f.c.i.l.s.Slf4jLog: Flyway Community Edition 9.22.3 by Redgate
2025-05-11 21:55:22,653 INFO  [main] o.f.c.i.l.s.Slf4jLog: See release notes here: https://rd.gt/416ObMi
2025-05-11 21:55:22,653 INFO  [main] o.f.c.i.l.s.Slf4jLog: 
2025-05-11 21:55:22,662 INFO  [main] o.f.c.i.l.s.Slf4jLog: Database: jdbc:postgresql://localhost:5432/thutothebe (PostgreSQL 13.20)
2025-05-11 21:55:22,680 INFO  [main] o.f.c.i.l.s.Slf4jLog: Successfully validated 0 migrations (execution time 00:00.007s)
2025-05-11 21:55:22,680 WARN  [main] o.f.c.i.l.s.Slf4jLog: No migrations found. Are your locations set up correctly?
2025-05-11 21:55:22,708 INFO  [main] o.f.c.i.l.s.Slf4jLog: Current version of schema "public": << Empty Schema >>
2025-05-11 21:55:22,711 INFO  [main] o.f.c.i.l.s.Slf4jLog: Schema "public" is up to date. No migration necessary.
2025-05-11 21:55:22,779 INFO  [main] o.h.j.i.u.LogHelper: HHH000204: Processing PersistenceUnitInfo [name: default]
2025-05-11 21:55:22,822 INFO  [main] o.h.Version: HHH000412: Hibernate ORM core version 6.4.4.Final
2025-05-11 21:55:22,848 INFO  [main] o.h.c.i.RegionFactoryInitiator: HHH000025: Second-level cache region factory [org.hibernate.cache.jcache.internal.JCacheRegionFactory]
2025-05-11 21:55:22,999 INFO  [main] o.s.o.j.p.SpringPersistenceUnitInfo: No LoadTimeWeaver setup: ignoring JPA class transformer
2025-05-11 21:55:23,036 WARN  [main] o.h.e.j.d.i.DialectFactoryImpl: HHH90000025: PostgreSQLDialect does not need to be specified explicitly using 'hibernate.dialect' (remove the property setting and it will be selected by default)
2025-05-11 21:55:24,162 INFO  [main] o.h.e.t.j.p.i.JtaPlatformInitiator: HHH000489: No JTA platform available (set 'hibernate.transaction.jta.platform' to enable JTA platform integration)
2025-05-11 21:55:24,241 INFO  [main] o.s.o.j.AbstractEntityManagerFactoryBean: Initialized JPA EntityManagerFactory for persistence unit 'default'
2025-05-11 21:55:24,495 INFO  [main] o.s.d.j.r.q.QueryEnhancerFactory: Hibernate is in classpath; If applicable, HQL parser will be used.
2025-05-11 21:55:25,003 WARN  [main] o.s.b.a.o.j.JpaBaseConfiguration$JpaWebConfiguration: spring.jpa.open-in-view is enabled by default. Therefore, database queries may be performed during view rendering. Explicitly configure spring.jpa.open-in-view to disable this warning
2025-05-11 21:55:25,031 WARN  [main] o.s.b.a.s.s.UserDetailsServiceAutoConfiguration: 

Using generated security password: 63f52b1d-edb1-4a8b-a4e1-e90002b04d2b

This generated password is for development use only. Your security configuration must be updated before running your application in production.

2025-05-11 21:55:25,192 DEBUG [main] o.s.w.s.h.AbstractHandlerMethodMapping: 37 mappings in 'requestMappingHandlerMapping'
2025-05-11 21:55:25,264 DEBUG [main] o.s.w.s.h.SimpleUrlHandlerMapping: Patterns [/webjars/**, /**, /swagger-ui*/*swagger-initializer.js, /swagger-ui*/**] in 'resourceHandlerMapping'
2025-05-11 21:55:25,292 INFO  [main] o.s.s.w.DefaultSecurityFilterChain: Will secure any request with [org.springframework.security.web.session.DisableEncodeUrlFilter@37d92db4, org.springframework.security.web.context.request.async.WebAsyncManagerIntegrationFilter@7fa9e773, org.springframework.security.web.context.SecurityContextHolderFilter@49e69196, org.springframework.security.web.header.HeaderWriterFilter@384d0e1f, org.springframework.web.filter.CorsFilter@58ef1543, org.springframework.security.web.authentication.logout.LogoutFilter@3366a998, org.springframework.security.web.savedrequest.RequestCacheAwareFilter@68178281, org.springframework.security.web.servletapi.SecurityContextHolderAwareRequestFilter@1f4c7fd9, org.springframework.security.web.authentication.AnonymousAuthenticationFilter@7af45006, org.springframework.security.web.session.SessionManagementFilter@3990d58e, org.springframework.security.web.access.ExceptionTranslationFilter@1b856d2a, org.springframework.security.web.access.intercept.AuthorizationFilter@191a3448]
2025-05-11 21:55:25,364 DEBUG [main] o.s.w.s.m.m.a.RequestMappingHandlerAdapter: ControllerAdvice beans: 0 @ModelAttribute, 0 @InitBinder, 1 RequestBodyAdvice, 1 ResponseBodyAdvice
2025-05-11 21:55:25,392 DEBUG [main] o.s.w.s.m.m.a.ExceptionHandlerExceptionResolver: ControllerAdvice beans: 1 @ExceptionHandler, 1 ResponseBodyAdvice
2025-05-11 21:55:25,417 WARN  [main] o.s.b.a.t.ThymeleafAutoConfiguration$DefaultTemplateResolverConfiguration: Cannot find template location: classpath:/templates/ (please add some templates, check your Thymeleaf configuration, or set spring.thymeleaf.check-template-location=false)
2025-05-11 21:55:25,585 INFO  [main] o.a.j.l.DirectJDKLog: Starting ProtocolHandler ["http-nio-8080"]
2025-05-11 21:55:25,595 INFO  [main] o.s.b.w.e.t.TomcatWebServer: Tomcat started on port 8080 (http) with context path '/api'
2025-05-11 21:55:25,605 INFO  [main] o.s.b.StartupInfoLogger: Started ThutoThebeApplication in 5.047 seconds (process running for 5.507)
2025-05-11 21:55:38,691 INFO  [http-nio-8080-exec-1] o.a.j.l.DirectJDKLog: Initializing Spring DispatcherServlet 'dispatcherServlet'
2025-05-11 21:55:38,691 INFO  [http-nio-8080-exec-1] o.s.w.s.FrameworkServlet: Initializing Servlet 'dispatcherServlet'
2025-05-11 21:55:38,691 DEBUG [http-nio-8080-exec-1] o.s.w.s.DispatcherServlet: Detected StandardServletMultipartResolver
2025-05-11 21:55:38,692 DEBUG [http-nio-8080-exec-1] o.s.w.s.DispatcherServlet: Detected AcceptHeaderLocaleResolver
2025-05-11 21:55:38,692 DEBUG [http-nio-8080-exec-1] o.s.w.s.DispatcherServlet: Detected FixedThemeResolver
2025-05-11 21:55:38,694 DEBUG [http-nio-8080-exec-1] o.s.w.s.DispatcherServlet: Detected org.springframework.web.servlet.view.DefaultRequestToViewNameTranslator@7aadd290
2025-05-11 21:55:38,695 DEBUG [http-nio-8080-exec-1] o.s.w.s.DispatcherServlet: Detected org.springframework.web.servlet.support.SessionFlashMapManager@12139db0
2025-05-11 21:55:38,695 DEBUG [http-nio-8080-exec-1] o.s.w.s.FrameworkServlet: enableLoggingRequestDetails='false': request parameters and headers will be masked to prevent unsafe logging of potentially sensitive data
2025-05-11 21:55:38,695 INFO  [http-nio-8080-exec-1] o.s.w.s.FrameworkServlet: Completed initialization in 4 ms
2025-05-11 21:55:38,713 DEBUG [http-nio-8080-exec-1] o.s.s.w.FilterChainProxy: Securing POST /auth/register
2025-05-11 21:55:38,719 DEBUG [http-nio-8080-exec-1] o.s.s.w.a.AnonymousAuthenticationFilter: Set SecurityContextHolder to anonymous SecurityContext
2025-05-11 21:55:38,720 DEBUG [http-nio-8080-exec-1] o.s.s.w.s.SessionManagementFilter: Request requested invalid session id 7F45455A4351456C0C020CB013F1777F
2025-05-11 21:55:38,721 DEBUG [http-nio-8080-exec-1] o.s.s.w.a.Http403ForbiddenEntryPoint: Pre-authenticated entry point called. Rejecting access
2025-05-11 21:55:38,733 DEBUG [http-nio-8080-exec-1] o.s.s.w.FilterChainProxy: Securing POST /error
2025-05-11 21:55:38,733 DEBUG [http-nio-8080-exec-1] o.s.s.w.a.AnonymousAuthenticationFilter: Set SecurityContextHolder to anonymous SecurityContext
2025-05-11 21:55:38,734 DEBUG [http-nio-8080-exec-1] o.s.s.w.a.Http403ForbiddenEntryPoint: Pre-authenticated entry point called. Rejecting access
2025-05-11 21:55:47,553 DEBUG [http-nio-8080-exec-3] o.s.s.w.FilterChainProxy: Securing POST /api/auth/register
2025-05-11 21:55:47,554 DEBUG [http-nio-8080-exec-3] o.s.s.w.a.AnonymousAuthenticationFilter: Set SecurityContextHolder to anonymous SecurityContext
2025-05-11 21:55:47,554 DEBUG [http-nio-8080-exec-3] o.s.s.w.s.SessionManagementFilter: Request requested invalid session id 7F45455A4351456C0C020CB013F1777F
2025-05-11 21:55:47,554 DEBUG [http-nio-8080-exec-3] o.s.s.w.FilterChainProxy: Secured POST /api/auth/register
2025-05-11 21:55:47,555 DEBUG [http-nio-8080-exec-3] c.o.t.c.SecurityDebugFilter: Request URI: /api/api/auth/register
2025-05-11 21:55:47,555 DEBUG [http-nio-8080-exec-3] c.o.t.c.SecurityDebugFilter: Request Method: POST
2025-05-11 21:55:47,556 DEBUG [http-nio-8080-exec-3] c.o.t.c.SecurityDebugFilter: Request Headers: org.springframework.security.web.firewall.StrictHttpFirewall$StrictFirewalledRequest$2@2a7954d8
2025-05-11 21:55:47,556 DEBUG [http-nio-8080-exec-3] c.o.t.c.SecurityDebugFilter: Authorization Header: null
2025-05-11 21:55:47,558 DEBUG [http-nio-8080-exec-3] o.s.c.l.LogFormatUtils: POST "/api/api/auth/register", parameters={}
2025-05-11 21:55:47,560 DEBUG [http-nio-8080-exec-3] o.s.w.s.h.AbstractHandlerMapping: Mapped to com.ohma.thutothebe.controller.AuthController#register(UserDTO)
2025-05-11 21:55:47,641 DEBUG [http-nio-8080-exec-3] o.s.c.l.LogFormatUtils: Read "application/json;charset=UTF-8" to [UserDTO[id=null, firstName=John, lastName=Doe, email=john.doe@example.com, password=SecurePass123!,  (truncated)...]
2025-05-11 21:55:47,676 INFO  [http-nio-8080-exec-3] c.o.t.u.LoggingUtil: Attempting to register user with email: john.doe@example.com
2025-05-11 21:55:47,845 ERROR [http-nio-8080-exec-3] c.o.t.u.LoggingUtil: Registration error for email: [john.doe@example.com]
jakarta.validation.ConstraintViolationException: Validation failed for classes [com.ohma.thutothebe.entity.User] during persist time for groups [jakarta.validation.groups.Default, ]
List of constraint violations:[
	ConstraintViolationImpl{interpolatedMessage='must not be blank', propertyPath=username, rootBeanClass=class com.ohma.thutothebe.entity.User, messageTemplate='{jakarta.validation.constraints.NotBlank.message}'}
]
	at org.hibernate.boot.beanvalidation.BeanValidationEventListener.validate(BeanValidationEventListener.java:151)
	at org.hibernate.boot.beanvalidation.BeanValidationEventListener.onPreInsert(BeanValidationEventListener.java:81)
	at org.hibernate.action.internal.EntityIdentityInsertAction.preInsert(EntityIdentityInsertAction.java:186)
	at org.hibernate.action.internal.EntityIdentityInsertAction.execute(EntityIdentityInsertAction.java:75)
	at org.hibernate.engine.spi.ActionQueue.execute(ActionQueue.java:670)
	at org.hibernate.engine.spi.ActionQueue.addResolvedEntityInsertAction(ActionQueue.java:291)
	at org.hibernate.engine.spi.ActionQueue.addInsertAction(ActionQueue.java:272)
	at org.hibernate.engine.spi.ActionQueue.addAction(ActionQueue.java:322)
	at org.hibernate.event.internal.AbstractSaveEventListener.addInsertAction(AbstractSaveEventListener.java:386)
	at org.hibernate.event.internal.AbstractSaveEventListener.performSaveOrReplicate(AbstractSaveEventListener.java:300)
	at org.hibernate.event.internal.AbstractSaveEventListener.performSave(AbstractSaveEventListener.java:219)
	at org.hibernate.event.internal.AbstractSaveEventListener.saveWithGeneratedId(AbstractSaveEventListener.java:134)
	at org.hibernate.event.internal.DefaultPersistEventListener.entityIsTransient(DefaultPersistEventListener.java:175)
	at org.hibernate.event.internal.DefaultPersistEventListener.persist(DefaultPersistEventListener.java:93)
	at org.hibernate.event.internal.DefaultPersistEventListener.onPersist(DefaultPersistEventListener.java:77)
	at org.hibernate.event.internal.DefaultPersistEventListener.onPersist(DefaultPersistEventListener.java:54)
	at org.hibernate.event.service.internal.EventListenerGroupImpl.fireEventOnEachListener(EventListenerGroupImpl.java:127)
	at org.hibernate.internal.SessionImpl.firePersist(SessionImpl.java:754)
	at org.hibernate.internal.SessionImpl.persist(SessionImpl.java:738)
	at java.base/jdk.internal.reflect.NativeMethodAccessorImpl.invoke0(Native Method)
	at java.base/jdk.internal.reflect.NativeMethodAccessorImpl.invoke(NativeMethodAccessorImpl.java:77)
	at java.base/jdk.internal.reflect.DelegatingMethodAccessorImpl.invoke(DelegatingMethodAccessorImpl.java:43)
	at java.base/java.lang.reflect.Method.invoke(Method.java:569)
	at org.springframework.orm.jpa.ExtendedEntityManagerCreator$ExtendedEntityManagerInvocationHandler.invoke(ExtendedEntityManagerCreator.java:364)
	at jdk.proxy2/jdk.proxy2.$Proxy181.persist(Unknown Source)
	at java.base/jdk.internal.reflect.NativeMethodAccessorImpl.invoke0(Native Method)
	at java.base/jdk.internal.reflect.NativeMethodAccessorImpl.invoke(NativeMethodAccessorImpl.java:77)
	at java.base/jdk.internal.reflect.DelegatingMethodAccessorImpl.invoke(DelegatingMethodAccessorImpl.java:43)
	at java.base/java.lang.reflect.Method.invoke(Method.java:569)
	at org.springframework.orm.jpa.SharedEntityManagerCreator$SharedEntityManagerInvocationHandler.invoke(SharedEntityManagerCreator.java:319)
	at jdk.proxy2/jdk.proxy2.$Proxy181.persist(Unknown Source)
	at org.springframework.data.jpa.repository.support.SimpleJpaRepository.save(SimpleJpaRepository.java:618)
	at java.base/jdk.internal.reflect.NativeMethodAccessorImpl.invoke0(Native Method)
	at java.base/jdk.internal.reflect.NativeMethodAccessorImpl.invoke(NativeMethodAccessorImpl.java:77)
	at java.base/jdk.internal.reflect.DelegatingMethodAccessorImpl.invoke(DelegatingMethodAccessorImpl.java:43)
	at java.base/java.lang.reflect.Method.invoke(Method.java:569)
	at org.springframework.aop.support.AopUtils.invokeJoinpointUsingReflection(AopUtils.java:351)
	at org.springframework.data.repository.core.support.RepositoryMethodInvoker$RepositoryFragmentMethodInvoker.lambda$new$0(RepositoryMethodInvoker.java:277)
	at org.springframework.data.repository.core.support.RepositoryMethodInvoker.doInvoke(RepositoryMethodInvoker.java:170)
	at org.springframework.data.repository.core.support.RepositoryMethodInvoker.invoke(RepositoryMethodInvoker.java:158)
	at org.springframework.data.repository.core.support.RepositoryComposition$RepositoryFragments.invoke(RepositoryComposition.java:516)
	at org.springframework.data.repository.core.support.RepositoryComposition.invoke(RepositoryComposition.java:285)
	at org.springframework.data.repository.core.support.RepositoryFactorySupport$ImplementationMethodExecutionInterceptor.invoke(RepositoryFactorySupport.java:628)
	at org.springframework.aop.framework.ReflectiveMethodInvocation.proceed(ReflectiveMethodInvocation.java:184)
	at org.springframework.data.repository.core.support.QueryExecutorMethodInterceptor.doInvoke(QueryExecutorMethodInterceptor.java:168)
	at org.springframework.data.repository.core.support.QueryExecutorMethodInterceptor.invoke(QueryExecutorMethodInterceptor.java:143)
	at org.springframework.aop.framework.ReflectiveMethodInvocation.proceed(ReflectiveMethodInvocation.java:184)
	at org.springframework.data.projection.DefaultMethodInvokingMethodInterceptor.invoke(DefaultMethodInvokingMethodInterceptor.java:70)
	at org.springframework.aop.framework.ReflectiveMethodInvocation.proceed(ReflectiveMethodInvocation.java:184)
	at org.springframework.transaction.interceptor.TransactionInterceptor$1.proceedWithInvocation(TransactionInterceptor.java:123)
	at org.springframework.transaction.interceptor.TransactionAspectSupport.invokeWithinTransaction(TransactionAspectSupport.java:385)
	at org.springframework.transaction.interceptor.TransactionInterceptor.invoke(TransactionInterceptor.java:119)
	at org.springframework.aop.framework.ReflectiveMethodInvocation.proceed(ReflectiveMethodInvocation.java:184)
	at org.springframework.dao.support.PersistenceExceptionTranslationInterceptor.invoke(PersistenceExceptionTranslationInterceptor.java:137)
	at org.springframework.aop.framework.ReflectiveMethodInvocation.proceed(ReflectiveMethodInvocation.java:184)
	at org.springframework.data.jpa.repository.support.CrudMethodMetadataPostProcessor$CrudMethodMetadataPopulatingMethodInterceptor.invoke(CrudMethodMetadataPostProcessor.java:164)
	at org.springframework.aop.framework.ReflectiveMethodInvocation.proceed(ReflectiveMethodInvocation.java:184)
	at org.springframework.aop.interceptor.ExposeInvocationInterceptor.invoke(ExposeInvocationInterceptor.java:97)
	at org.springframework.aop.framework.ReflectiveMethodInvocation.proceed(ReflectiveMethodInvocation.java:184)
	at org.springframework.aop.framework.JdkDynamicAopProxy.invoke(JdkDynamicAopProxy.java:220)
	at jdk.proxy2/jdk.proxy2.$Proxy189.save(Unknown Source)
	at com.ohma.thutothebe.service.impl.BaseServiceImpl.create(BaseServiceImpl.java:34)
	at java.base/jdk.internal.reflect.NativeMethodAccessorImpl.invoke0(Native Method)
	at java.base/jdk.internal.reflect.NativeMethodAccessorImpl.invoke(NativeMethodAccessorImpl.java:77)
	at java.base/jdk.internal.reflect.DelegatingMethodAccessorImpl.invoke(DelegatingMethodAccessorImpl.java:43)
	at java.base/java.lang.reflect.Method.invoke(Method.java:569)
	at org.springframework.aop.support.AopUtils.invokeJoinpointUsingReflection(AopUtils.java:351)
	at org.springframework.aop.framework.ReflectiveMethodInvocation.invokeJoinpoint(ReflectiveMethodInvocation.java:196)
	at org.springframework.aop.framework.ReflectiveMethodInvocation.proceed(ReflectiveMethodInvocation.java:163)
	at org.springframework.aop.framework.CglibAopProxy$CglibMethodInvocation.proceed(CglibAopProxy.java:765)
	at org.springframework.transaction.interceptor.TransactionInterceptor$1.proceedWithInvocation(TransactionInterceptor.java:123)
	at org.springframework.transaction.interceptor.TransactionAspectSupport.invokeWithinTransaction(TransactionAspectSupport.java:385)
	at org.springframework.transaction.interceptor.TransactionInterceptor.invoke(TransactionInterceptor.java:119)
	at org.springframework.aop.framework.ReflectiveMethodInvocation.proceed(ReflectiveMethodInvocation.java:184)
	at org.springframework.aop.framework.CglibAopProxy$CglibMethodInvocation.proceed(CglibAopProxy.java:765)
	at org.springframework.aop.framework.CglibAopProxy$DynamicAdvisedInterceptor.intercept(CglibAopProxy.java:717)
	at com.ohma.thutothebe.service.impl.UserServiceImpl$$SpringCGLIB$$0.create(<generated>)
	at com.ohma.thutothebe.controller.AuthController.register(AuthController.java:33)
	at java.base/jdk.internal.reflect.NativeMethodAccessorImpl.invoke0(Native Method)
	at java.base/jdk.internal.reflect.NativeMethodAccessorImpl.invoke(NativeMethodAccessorImpl.java:77)
	at java.base/jdk.internal.reflect.DelegatingMethodAccessorImpl.invoke(DelegatingMethodAccessorImpl.java:43)
	at java.base/java.lang.reflect.Method.invoke(Method.java:569)
	at org.springframework.web.method.support.InvocableHandlerMethod.doInvoke(InvocableHandlerMethod.java:259)
	at org.springframework.web.method.support.InvocableHandlerMethod.invokeForRequest(InvocableHandlerMethod.java:192)
	at org.springframework.web.servlet.mvc.method.annotation.ServletInvocableHandlerMethod.invokeAndHandle(ServletInvocableHandlerMethod.java:118)
	at org.springframework.web.servlet.mvc.method.annotation.RequestMappingHandlerAdapter.invokeHandlerMethod(RequestMappingHandlerAdapter.java:920)
	at org.springframework.web.servlet.mvc.method.annotation.RequestMappingHandlerAdapter.handleInternal(RequestMappingHandlerAdapter.java:830)
	at org.springframework.web.servlet.mvc.method.AbstractHandlerMethodAdapter.handle(AbstractHandlerMethodAdapter.java:87)
	at org.springframework.web.servlet.DispatcherServlet.doDispatch(DispatcherServlet.java:1089)
	at org.springframework.web.servlet.DispatcherServlet.doService(DispatcherServlet.java:979)
	at org.springframework.web.servlet.FrameworkServlet.processRequest(FrameworkServlet.java:1014)
	at org.springframework.web.servlet.FrameworkServlet.doPost(FrameworkServlet.java:914)
	at jakarta.servlet.http.HttpServlet.service(HttpServlet.java:590)
	at org.springframework.web.servlet.FrameworkServlet.service(FrameworkServlet.java:885)
	at jakarta.servlet.http.HttpServlet.service(HttpServlet.java:658)
	at org.apache.catalina.core.ApplicationFilterChain.internalDoFilter(ApplicationFilterChain.java:205)
	at org.apache.catalina.core.ApplicationFilterChain.doFilter(ApplicationFilterChain.java:149)
	at org.apache.tomcat.websocket.server.WsFilter.doFilter(WsFilter.java:51)
	at org.apache.catalina.core.ApplicationFilterChain.internalDoFilter(ApplicationFilterChain.java:174)
	at org.apache.catalina.core.ApplicationFilterChain.doFilter(ApplicationFilterChain.java:149)
	at com.ohma.thutothebe.config.SecurityDebugFilter.doFilterInternal(SecurityDebugFilter.java:28)
	at org.springframework.web.filter.OncePerRequestFilter.doFilter(OncePerRequestFilter.java:116)
	at org.apache.catalina.core.ApplicationFilterChain.internalDoFilter(ApplicationFilterChain.java:174)
	at org.apache.catalina.core.ApplicationFilterChain.doFilter(ApplicationFilterChain.java:149)
	at org.springframework.web.filter.CompositeFilter$VirtualFilterChain.doFilter(CompositeFilter.java:108)
	at org.springframework.security.web.FilterChainProxy.lambda$doFilterInternal$3(FilterChainProxy.java:231)
	at org.springframework.security.web.FilterChainProxy$VirtualFilterChain.doFilter(FilterChainProxy.java:365)
	at org.springframework.security.web.access.intercept.AuthorizationFilter.doFilter(AuthorizationFilter.java:100)
	at org.springframework.security.web.FilterChainProxy$VirtualFilterChain.doFilter(FilterChainProxy.java:374)
	at org.springframework.security.web.access.ExceptionTranslationFilter.doFilter(ExceptionTranslationFilter.java:126)
	at org.springframework.security.web.access.ExceptionTranslationFilter.doFilter(ExceptionTranslationFilter.java:120)
	at org.springframework.security.web.FilterChainProxy$VirtualFilterChain.doFilter(FilterChainProxy.java:374)
	at org.springframework.security.web.session.SessionManagementFilter.doFilter(SessionManagementFilter.java:131)
	at org.springframework.security.web.session.SessionManagementFilter.doFilter(SessionManagementFilter.java:85)
	at org.springframework.security.web.FilterChainProxy$VirtualFilterChain.doFilter(FilterChainProxy.java:374)
	at org.springframework.security.web.authentication.AnonymousAuthenticationFilter.doFilter(AnonymousAuthenticationFilter.java:100)
	at org.springframework.security.web.FilterChainProxy$VirtualFilterChain.doFilter(FilterChainProxy.java:374)
	at org.springframework.security.web.servletapi.SecurityContextHolderAwareRequestFilter.doFilter(SecurityContextHolderAwareRequestFilter.java:179)
	at org.springframework.security.web.FilterChainProxy$VirtualFilterChain.doFilter(FilterChainProxy.java:374)
	at org.springframework.security.web.savedrequest.RequestCacheAwareFilter.doFilter(RequestCacheAwareFilter.java:63)
	at org.springframework.security.web.FilterChainProxy$VirtualFilterChain.doFilter(FilterChainProxy.java:374)
	at org.springframework.security.web.authentication.logout.LogoutFilter.doFilter(LogoutFilter.java:107)
	at org.springframework.security.web.authentication.logout.LogoutFilter.doFilter(LogoutFilter.java:93)
	at org.springframework.security.web.FilterChainProxy$VirtualFilterChain.doFilter(FilterChainProxy.java:374)
	at org.springframework.web.filter.CorsFilter.doFilterInternal(CorsFilter.java:91)
	at org.springframework.web.filter.OncePerRequestFilter.doFilter(OncePerRequestFilter.java:116)
	at org.springframework.security.web.FilterChainProxy$VirtualFilterChain.doFilter(FilterChainProxy.java:374)
	at org.springframework.security.web.header.HeaderWriterFilter.doHeadersAfter(HeaderWriterFilter.java:90)
	at org.springframework.security.web.header.HeaderWriterFilter.doFilterInternal(HeaderWriterFilter.java:75)
	at org.springframework.web.filter.OncePerRequestFilter.doFilter(OncePerRequestFilter.java:116)
	at org.springframework.security.web.FilterChainProxy$VirtualFilterChain.doFilter(FilterChainProxy.java:374)
	at org.springframework.security.web.context.SecurityContextHolderFilter.doFilter(SecurityContextHolderFilter.java:82)
	at org.springframework.security.web.context.SecurityContextHolderFilter.doFilter(SecurityContextHolderFilter.java:69)
	at org.springframework.security.web.FilterChainProxy$VirtualFilterChain.doFilter(FilterChainProxy.java:374)
	at org.springframework.security.web.context.request.async.WebAsyncManagerIntegrationFilter.doFilterInternal(WebAsyncManagerIntegrationFilter.java:62)
	at org.springframework.web.filter.OncePerRequestFilter.doFilter(OncePerRequestFilter.java:116)
	at org.springframework.security.web.FilterChainProxy$VirtualFilterChain.doFilter(FilterChainProxy.java:374)
	at org.springframework.security.web.session.DisableEncodeUrlFilter.doFilterInternal(DisableEncodeUrlFilter.java:42)
	at org.springframework.web.filter.OncePerRequestFilter.doFilter(OncePerRequestFilter.java:116)
	at org.springframework.security.web.FilterChainProxy$VirtualFilterChain.doFilter(FilterChainProxy.java:374)
	at org.springframework.security.web.FilterChainProxy.doFilterInternal(FilterChainProxy.java:233)
	at org.springframework.security.web.FilterChainProxy.doFilter(FilterChainProxy.java:191)
	at org.springframework.web.filter.CompositeFilter$VirtualFilterChain.doFilter(CompositeFilter.java:113)
	at org.springframework.web.servlet.handler.HandlerMappingIntrospector.lambda$createCacheFilter$3(HandlerMappingIntrospector.java:195)
	at org.springframework.web.filter.CompositeFilter$VirtualFilterChain.doFilter(CompositeFilter.java:113)
	at org.springframework.web.filter.CompositeFilter.doFilter(CompositeFilter.java:74)
	at org.springframework.security.config.annotation.web.configuration.WebMvcSecurityConfiguration$CompositeFilterChainProxy.doFilter(WebMvcSecurityConfiguration.java:230)
	at org.springframework.web.filter.DelegatingFilterProxy.invokeDelegate(DelegatingFilterProxy.java:352)
	at org.springframework.web.filter.DelegatingFilterProxy.doFilter(DelegatingFilterProxy.java:268)
	at org.apache.catalina.core.ApplicationFilterChain.internalDoFilter(ApplicationFilterChain.java:174)
	at org.apache.catalina.core.ApplicationFilterChain.doFilter(ApplicationFilterChain.java:149)
	at org.springframework.web.filter.RequestContextFilter.doFilterInternal(RequestContextFilter.java:100)
	at org.springframework.web.filter.OncePerRequestFilter.doFilter(OncePerRequestFilter.java:116)
	at org.apache.catalina.core.ApplicationFilterChain.internalDoFilter(ApplicationFilterChain.java:174)
	at org.apache.catalina.core.ApplicationFilterChain.doFilter(ApplicationFilterChain.java:149)
	at org.springframework.web.filter.FormContentFilter.doFilterInternal(FormContentFilter.java:93)
	at org.springframework.web.filter.OncePerRequestFilter.doFilter(OncePerRequestFilter.java:116)
	at org.apache.catalina.core.ApplicationFilterChain.internalDoFilter(ApplicationFilterChain.java:174)
	at org.apache.catalina.core.ApplicationFilterChain.doFilter(ApplicationFilterChain.java:149)
	at org.springframework.web.filter.CharacterEncodingFilter.doFilterInternal(CharacterEncodingFilter.java:201)
	at org.springframework.web.filter.OncePerRequestFilter.doFilter(OncePerRequestFilter.java:116)
	at org.apache.catalina.core.ApplicationFilterChain.internalDoFilter(ApplicationFilterChain.java:174)
	at org.apache.catalina.core.ApplicationFilterChain.doFilter(ApplicationFilterChain.java:149)
	at org.apache.catalina.core.StandardWrapperValve.invoke(StandardWrapperValve.java:167)
	at org.apache.catalina.core.StandardContextValve.invoke(StandardContextValve.java:90)
	at org.apache.catalina.authenticator.AuthenticatorBase.invoke(AuthenticatorBase.java:482)
	at org.apache.catalina.core.StandardHostValve.invoke(StandardHostValve.java:115)
	at org.apache.catalina.valves.ErrorReportValve.invoke(ErrorReportValve.java:93)
	at org.apache.catalina.core.StandardEngineValve.invoke(StandardEngineValve.java:74)
	at org.apache.catalina.connector.CoyoteAdapter.service(CoyoteAdapter.java:344)
	at org.apache.coyote.http11.Http11Processor.service(Http11Processor.java:391)
	at org.apache.coyote.AbstractProcessorLight.process(AbstractProcessorLight.java:63)
	at org.apache.coyote.AbstractProtocol$ConnectionHandler.process(AbstractProtocol.java:896)
	at org.apache.tomcat.util.net.NioEndpoint$SocketProcessor.doRun(NioEndpoint.java:1744)
	at org.apache.tomcat.util.net.SocketProcessorBase.run(SocketProcessorBase.java:52)
	at org.apache.tomcat.util.threads.ThreadPoolExecutor.runWorker(ThreadPoolExecutor.java:1191)
	at org.apache.tomcat.util.threads.ThreadPoolExecutor$Worker.run(ThreadPoolExecutor.java:659)
	at org.apache.tomcat.util.threads.TaskThread$WrappingRunnable.run(TaskThread.java:63)
	at java.base/java.lang.Thread.run(Thread.java:840)
2025-05-11 21:55:47,867 DEBUG [http-nio-8080-exec-3] o.s.w.s.m.m.a.AbstractMessageConverterMethodProcessor: Using 'application/json', given [*/*] and supported [application/json, application/*+json]
2025-05-11 21:55:47,869 DEBUG [http-nio-8080-exec-3] o.s.c.l.LogFormatUtils: Writing [OhmaApiResponse(status=ERROR, message=Validation failed for classes [com.ohma.thutothebe.entity.User (truncated)...]
2025-05-11 21:55:47,877 DEBUG [http-nio-8080-exec-3] o.s.w.s.FrameworkServlet: Completed 400 BAD_REQUEST
2025-05-11 21:55:47,878 DEBUG [http-nio-8080-exec-3] c.o.t.c.SecurityDebugFilter: Response Status: 400
2025-05-11 21:58:10,050 INFO  [SpringApplicationShutdownHook] o.s.o.j.AbstractEntityManagerFactoryBean: Closing JPA EntityManagerFactory for persistence unit 'default'
2025-05-11 21:58:10,053 WARN  [SpringApplicationShutdownHook] o.h.c.s.AbstractRegionFactory: HHH90001002: Attempt to restop an already stopped JCacheRegionFactory.
2025-05-11 21:58:10,056 INFO  [SpringApplicationShutdownHook] c.z.h.HikariDataSource: ThutoLMSHikariPool - Shutdown initiated...
2025-05-11 21:58:10,059 INFO  [SpringApplicationShutdownHook] c.z.h.HikariDataSource: ThutoLMSHikariPool - Shutdown completed.
2025-05-11 21:58:13,544 INFO  [background-preinit] o.h.v.i.u.Version: HV000001: Hibernate Validator 8.0.1.Final
2025-05-11 21:58:13,576 INFO  [main] o.s.b.StartupInfoLogger: Starting ThutoThebeApplication using Java 17.0.14 with PID 276875 (/home/obakengm/Personal/thutothebe/backend/target/classes started by obakengm in /home/obakengm/Personal/thutothebe)
2025-05-11 21:58:13,577 DEBUG [main] o.s.b.StartupInfoLogger: Running with Spring Boot v3.2.3, Spring v6.1.4
2025-05-11 21:58:13,578 INFO  [main] o.s.b.SpringApplication: No active profile set, falling back to 1 default profile: "default"
2025-05-11 21:58:14,282 INFO  [main] o.s.d.r.c.RepositoryConfigurationDelegate: Bootstrapping Spring Data JPA repositories in DEFAULT mode.
2025-05-11 21:58:14,342 INFO  [main] o.s.d.r.c.RepositoryConfigurationDelegate: Finished Spring Data repository scanning in 53 ms. Found 4 JPA repository interfaces.
2025-05-11 21:58:14,797 INFO  [main] o.s.b.w.e.t.TomcatWebServer: Tomcat initialized with port 8080 (http)
2025-05-11 21:58:14,805 INFO  [main] o.a.j.l.DirectJDKLog: Initializing ProtocolHandler ["http-nio-8080"]
2025-05-11 21:58:14,806 INFO  [main] o.a.j.l.DirectJDKLog: Starting service [Tomcat]
2025-05-11 21:58:14,807 INFO  [main] o.a.j.l.DirectJDKLog: Starting Servlet engine: [Apache Tomcat/10.1.19]
2025-05-11 21:58:14,851 INFO  [main] o.a.j.l.DirectJDKLog: Initializing Spring embedded WebApplicationContext
2025-05-11 21:58:14,852 INFO  [main] o.s.b.w.s.c.ServletWebServerApplicationContext: Root WebApplicationContext: initialization completed in 1221 ms
2025-05-11 21:58:14,887 DEBUG [main] o.s.w.f.GenericFilterBean: Filter 'securityDebugFilter' configured for use
2025-05-11 21:58:14,936 INFO  [main] c.z.h.HikariDataSource: ThutoLMSHikariPool - Starting...
2025-05-11 21:58:15,074 INFO  [main] c.z.h.p.HikariPool: ThutoLMSHikariPool - Added connection org.postgresql.jdbc.PgConnection@4e5c8ef3
2025-05-11 21:58:15,075 INFO  [main] c.z.h.HikariDataSource: ThutoLMSHikariPool - Start completed.
2025-05-11 21:58:15,147 INFO  [main] o.f.c.i.l.s.Slf4jLog: Flyway Community Edition 9.22.3 by Redgate
2025-05-11 21:58:15,147 INFO  [main] o.f.c.i.l.s.Slf4jLog: See release notes here: https://rd.gt/416ObMi
2025-05-11 21:58:15,147 INFO  [main] o.f.c.i.l.s.Slf4jLog: 
2025-05-11 21:58:15,156 INFO  [main] o.f.c.i.l.s.Slf4jLog: Database: jdbc:postgresql://localhost:5432/thutothebe (PostgreSQL 13.20)
2025-05-11 21:58:15,174 INFO  [main] o.f.c.i.l.s.Slf4jLog: Successfully validated 0 migrations (execution time 00:00.007s)
2025-05-11 21:58:15,174 WARN  [main] o.f.c.i.l.s.Slf4jLog: No migrations found. Are your locations set up correctly?
2025-05-11 21:58:15,199 INFO  [main] o.f.c.i.l.s.Slf4jLog: Current version of schema "public": << Empty Schema >>
2025-05-11 21:58:15,201 INFO  [main] o.f.c.i.l.s.Slf4jLog: Schema "public" is up to date. No migration necessary.
2025-05-11 21:58:15,311 INFO  [main] o.h.j.i.u.LogHelper: HHH000204: Processing PersistenceUnitInfo [name: default]
2025-05-11 21:58:15,384 INFO  [main] o.h.Version: HHH000412: Hibernate ORM core version 6.4.4.Final
2025-05-11 21:58:15,411 INFO  [main] o.h.c.i.RegionFactoryInitiator: HHH000025: Second-level cache region factory [org.hibernate.cache.jcache.internal.JCacheRegionFactory]
2025-05-11 21:58:15,587 INFO  [main] o.s.o.j.p.SpringPersistenceUnitInfo: No LoadTimeWeaver setup: ignoring JPA class transformer
2025-05-11 21:58:15,648 WARN  [main] o.h.e.j.d.i.DialectFactoryImpl: HHH90000025: PostgreSQLDialect does not need to be specified explicitly using 'hibernate.dialect' (remove the property setting and it will be selected by default)
2025-05-11 21:58:16,718 INFO  [main] o.h.e.t.j.p.i.JtaPlatformInitiator: HHH000489: No JTA platform available (set 'hibernate.transaction.jta.platform' to enable JTA platform integration)
2025-05-11 21:58:16,798 INFO  [main] o.s.o.j.AbstractEntityManagerFactoryBean: Initialized JPA EntityManagerFactory for persistence unit 'default'
2025-05-11 21:58:17,083 INFO  [main] o.s.d.j.r.q.QueryEnhancerFactory: Hibernate is in classpath; If applicable, HQL parser will be used.
2025-05-11 21:58:17,564 WARN  [main] o.s.b.a.o.j.JpaBaseConfiguration$JpaWebConfiguration: spring.jpa.open-in-view is enabled by default. Therefore, database queries may be performed during view rendering. Explicitly configure spring.jpa.open-in-view to disable this warning
2025-05-11 21:58:17,579 WARN  [main] o.s.b.a.s.s.UserDetailsServiceAutoConfiguration: 

Using generated security password: 5d8f09d8-4ad0-46f0-a7c4-b51f7ab80a52

This generated password is for development use only. Your security configuration must be updated before running your application in production.

2025-05-11 21:58:17,713 DEBUG [main] o.s.w.s.h.AbstractHandlerMethodMapping: 37 mappings in 'requestMappingHandlerMapping'
2025-05-11 21:58:17,779 DEBUG [main] o.s.w.s.h.SimpleUrlHandlerMapping: Patterns [/webjars/**, /**, /swagger-ui*/*swagger-initializer.js, /swagger-ui*/**] in 'resourceHandlerMapping'
2025-05-11 21:58:17,819 INFO  [main] o.s.s.w.DefaultSecurityFilterChain: Will secure any request with [org.springframework.security.web.session.DisableEncodeUrlFilter@1479c527, org.springframework.security.web.context.request.async.WebAsyncManagerIntegrationFilter@4c55d3ce, org.springframework.security.web.context.SecurityContextHolderFilter@68bbd5c2, org.springframework.security.web.header.HeaderWriterFilter@4fc50fee, org.springframework.web.filter.CorsFilter@3bafa95b, org.springframework.security.web.authentication.logout.LogoutFilter@3532b5d9, org.springframework.security.web.savedrequest.RequestCacheAwareFilter@2f29b7bd, org.springframework.security.web.servletapi.SecurityContextHolderAwareRequestFilter@71c16f67, org.springframework.security.web.authentication.AnonymousAuthenticationFilter@6bbcb69f, org.springframework.security.web.session.SessionManagementFilter@1f4c7fd9, org.springframework.security.web.access.ExceptionTranslationFilter@1928dc66, org.springframework.security.web.access.intercept.AuthorizationFilter@7af45006]
2025-05-11 21:58:17,892 DEBUG [main] o.s.w.s.m.m.a.RequestMappingHandlerAdapter: ControllerAdvice beans: 0 @ModelAttribute, 0 @InitBinder, 1 RequestBodyAdvice, 1 ResponseBodyAdvice
2025-05-11 21:58:17,917 DEBUG [main] o.s.w.s.m.m.a.ExceptionHandlerExceptionResolver: ControllerAdvice beans: 1 @ExceptionHandler, 1 ResponseBodyAdvice
2025-05-11 21:58:17,943 WARN  [main] o.s.b.a.t.ThymeleafAutoConfiguration$DefaultTemplateResolverConfiguration: Cannot find template location: classpath:/templates/ (please add some templates, check your Thymeleaf configuration, or set spring.thymeleaf.check-template-location=false)
2025-05-11 21:58:18,116 INFO  [main] o.a.j.l.DirectJDKLog: Starting ProtocolHandler ["http-nio-8080"]
2025-05-11 21:58:18,126 INFO  [main] o.s.b.w.e.t.TomcatWebServer: Tomcat started on port 8080 (http) with context path '/api/v1'
2025-05-11 21:58:18,136 INFO  [main] o.s.b.StartupInfoLogger: Started ThutoThebeApplication in 5.019 seconds (process running for 5.435)
2025-05-11 22:00:38,155 INFO  [http-nio-8080-exec-3] o.a.j.l.DirectJDKLog: Initializing Spring DispatcherServlet 'dispatcherServlet'
2025-05-11 22:00:38,156 INFO  [http-nio-8080-exec-3] o.s.w.s.FrameworkServlet: Initializing Servlet 'dispatcherServlet'
2025-05-11 22:00:38,156 DEBUG [http-nio-8080-exec-3] o.s.w.s.DispatcherServlet: Detected StandardServletMultipartResolver
2025-05-11 22:00:38,156 DEBUG [http-nio-8080-exec-3] o.s.w.s.DispatcherServlet: Detected AcceptHeaderLocaleResolver
2025-05-11 22:00:38,156 DEBUG [http-nio-8080-exec-3] o.s.w.s.DispatcherServlet: Detected FixedThemeResolver
2025-05-11 22:00:38,157 DEBUG [http-nio-8080-exec-3] o.s.w.s.DispatcherServlet: Detected org.springframework.web.servlet.view.DefaultRequestToViewNameTranslator@5e1db27e
2025-05-11 22:00:38,158 DEBUG [http-nio-8080-exec-3] o.s.w.s.DispatcherServlet: Detected org.springframework.web.servlet.support.SessionFlashMapManager@3d118651
2025-05-11 22:00:38,158 DEBUG [http-nio-8080-exec-3] o.s.w.s.FrameworkServlet: enableLoggingRequestDetails='false': request parameters and headers will be masked to prevent unsafe logging of potentially sensitive data
2025-05-11 22:00:38,158 INFO  [http-nio-8080-exec-3] o.s.w.s.FrameworkServlet: Completed initialization in 2 ms
2025-05-11 22:00:38,173 DEBUG [http-nio-8080-exec-3] o.s.s.w.FilterChainProxy: Securing POST /auth/register
2025-05-11 22:00:38,182 DEBUG [http-nio-8080-exec-3] o.s.s.w.a.AnonymousAuthenticationFilter: Set SecurityContextHolder to anonymous SecurityContext
2025-05-11 22:00:38,182 DEBUG [http-nio-8080-exec-3] o.s.s.w.s.SessionManagementFilter: Request requested invalid session id 7F45455A4351456C0C020CB013F1777F
2025-05-11 22:00:38,183 DEBUG [http-nio-8080-exec-3] o.s.s.w.a.Http403ForbiddenEntryPoint: Pre-authenticated entry point called. Rejecting access
2025-05-11 22:00:38,190 DEBUG [http-nio-8080-exec-3] o.s.s.w.FilterChainProxy: Securing POST /error
2025-05-11 22:00:38,190 DEBUG [http-nio-8080-exec-3] o.s.s.w.a.AnonymousAuthenticationFilter: Set SecurityContextHolder to anonymous SecurityContext
2025-05-11 22:00:38,190 DEBUG [http-nio-8080-exec-3] o.s.s.w.a.Http403ForbiddenEntryPoint: Pre-authenticated entry point called. Rejecting access
2025-05-11 22:05:29,704 INFO  [SpringApplicationShutdownHook] o.s.o.j.AbstractEntityManagerFactoryBean: Closing JPA EntityManagerFactory for persistence unit 'default'
2025-05-11 22:05:29,708 WARN  [SpringApplicationShutdownHook] o.h.c.s.AbstractRegionFactory: HHH90001002: Attempt to restop an already stopped JCacheRegionFactory.
2025-05-11 22:05:29,711 INFO  [SpringApplicationShutdownHook] c.z.h.HikariDataSource: ThutoLMSHikariPool - Shutdown initiated...
2025-05-11 22:05:29,714 INFO  [SpringApplicationShutdownHook] c.z.h.HikariDataSource: ThutoLMSHikariPool - Shutdown completed.
2025-05-11 22:05:33,086 INFO  [background-preinit] o.h.v.i.u.Version: HV000001: Hibernate Validator 8.0.1.Final
2025-05-11 22:05:33,127 INFO  [main] o.s.b.StartupInfoLogger: Starting ThutoThebeApplication using Java 17.0.14 with PID 286491 (/home/obakengm/Personal/thutothebe/backend/target/classes started by obakengm in /home/obakengm/Personal/thutothebe)
2025-05-11 22:05:33,128 DEBUG [main] o.s.b.StartupInfoLogger: Running with Spring Boot v3.2.3, Spring v6.1.4
2025-05-11 22:05:33,129 INFO  [main] o.s.b.SpringApplication: No active profile set, falling back to 1 default profile: "default"
2025-05-11 22:05:33,950 INFO  [main] o.s.d.r.c.RepositoryConfigurationDelegate: Bootstrapping Spring Data JPA repositories in DEFAULT mode.
2025-05-11 22:05:34,013 INFO  [main] o.s.d.r.c.RepositoryConfigurationDelegate: Finished Spring Data repository scanning in 56 ms. Found 4 JPA repository interfaces.
2025-05-11 22:05:34,453 INFO  [main] o.s.b.w.e.t.TomcatWebServer: Tomcat initialized with port 8080 (http)
2025-05-11 22:05:34,461 INFO  [main] o.a.j.l.DirectJDKLog: Initializing ProtocolHandler ["http-nio-8080"]
2025-05-11 22:05:34,463 INFO  [main] o.a.j.l.DirectJDKLog: Starting service [Tomcat]
2025-05-11 22:05:34,463 INFO  [main] o.a.j.l.DirectJDKLog: Starting Servlet engine: [Apache Tomcat/10.1.19]
2025-05-11 22:05:34,503 INFO  [main] o.a.j.l.DirectJDKLog: Initializing Spring embedded WebApplicationContext
2025-05-11 22:05:34,504 INFO  [main] o.s.b.w.s.c.ServletWebServerApplicationContext: Root WebApplicationContext: initialization completed in 1329 ms
2025-05-11 22:05:34,539 DEBUG [main] o.s.w.f.GenericFilterBean: Filter 'securityDebugFilter' configured for use
2025-05-11 22:05:34,603 INFO  [main] c.z.h.HikariDataSource: ThutoLMSHikariPool - Starting...
2025-05-11 22:05:34,741 INFO  [main] c.z.h.p.HikariPool: ThutoLMSHikariPool - Added connection org.postgresql.jdbc.PgConnection@22865072
2025-05-11 22:05:34,742 INFO  [main] c.z.h.HikariDataSource: ThutoLMSHikariPool - Start completed.
2025-05-11 22:05:34,807 INFO  [main] o.f.c.i.l.s.Slf4jLog: Flyway Community Edition 9.22.3 by Redgate
2025-05-11 22:05:34,807 INFO  [main] o.f.c.i.l.s.Slf4jLog: See release notes here: https://rd.gt/416ObMi
2025-05-11 22:05:34,807 INFO  [main] o.f.c.i.l.s.Slf4jLog: 
2025-05-11 22:05:34,816 INFO  [main] o.f.c.i.l.s.Slf4jLog: Database: jdbc:postgresql://localhost:5432/thutothebe (PostgreSQL 13.20)
2025-05-11 22:05:34,836 INFO  [main] o.f.c.i.l.s.Slf4jLog: Successfully validated 0 migrations (execution time 00:00.008s)
2025-05-11 22:05:34,836 WARN  [main] o.f.c.i.l.s.Slf4jLog: No migrations found. Are your locations set up correctly?
2025-05-11 22:05:34,864 INFO  [main] o.f.c.i.l.s.Slf4jLog: Current version of schema "public": << Empty Schema >>
2025-05-11 22:05:34,867 INFO  [main] o.f.c.i.l.s.Slf4jLog: Schema "public" is up to date. No migration necessary.
2025-05-11 22:05:34,932 INFO  [main] o.h.j.i.u.LogHelper: HHH000204: Processing PersistenceUnitInfo [name: default]
2025-05-11 22:05:34,989 INFO  [main] o.h.Version: HHH000412: Hibernate ORM core version 6.4.4.Final
2025-05-11 22:05:35,028 INFO  [main] o.h.c.i.RegionFactoryInitiator: HHH000025: Second-level cache region factory [org.hibernate.cache.jcache.internal.JCacheRegionFactory]
2025-05-11 22:05:35,239 INFO  [main] o.s.o.j.p.SpringPersistenceUnitInfo: No LoadTimeWeaver setup: ignoring JPA class transformer
2025-05-11 22:05:35,292 WARN  [main] o.h.e.j.d.i.DialectFactoryImpl: HHH90000025: PostgreSQLDialect does not need to be specified explicitly using 'hibernate.dialect' (remove the property setting and it will be selected by default)
2025-05-11 22:05:36,436 INFO  [main] o.h.e.t.j.p.i.JtaPlatformInitiator: HHH000489: No JTA platform available (set 'hibernate.transaction.jta.platform' to enable JTA platform integration)
2025-05-11 22:05:36,526 INFO  [main] o.s.o.j.AbstractEntityManagerFactoryBean: Initialized JPA EntityManagerFactory for persistence unit 'default'
2025-05-11 22:05:36,822 INFO  [main] o.s.d.j.r.q.QueryEnhancerFactory: Hibernate is in classpath; If applicable, HQL parser will be used.
2025-05-11 22:05:37,313 WARN  [main] o.s.b.a.o.j.JpaBaseConfiguration$JpaWebConfiguration: spring.jpa.open-in-view is enabled by default. Therefore, database queries may be performed during view rendering. Explicitly configure spring.jpa.open-in-view to disable this warning
2025-05-11 22:05:37,328 WARN  [main] o.s.b.a.s.s.UserDetailsServiceAutoConfiguration: 

Using generated security password: c9aa5cbd-23bf-48af-9559-832cb7c4fe6c

This generated password is for development use only. Your security configuration must be updated before running your application in production.

2025-05-11 22:05:37,461 DEBUG [main] o.s.w.s.h.AbstractHandlerMethodMapping: 37 mappings in 'requestMappingHandlerMapping'
2025-05-11 22:05:37,531 DEBUG [main] o.s.w.s.h.SimpleUrlHandlerMapping: Patterns [/webjars/**, /**, /swagger-ui*/*swagger-initializer.js, /swagger-ui*/**] in 'resourceHandlerMapping'
2025-05-11 22:05:37,560 INFO  [main] o.s.s.w.DefaultSecurityFilterChain: Will secure any request with [org.springframework.security.web.session.DisableEncodeUrlFilter@531f6879, org.springframework.security.web.context.request.async.WebAsyncManagerIntegrationFilter@153ce630, org.springframework.security.web.context.SecurityContextHolderFilter@7dc0b40a, org.springframework.security.web.header.HeaderWriterFilter@4d768435, org.springframework.web.filter.CorsFilter@1b3aa246, org.springframework.security.web.authentication.logout.LogoutFilter@462ccaa8, org.springframework.security.web.savedrequest.RequestCacheAwareFilter@65f68e96, org.springframework.security.web.servletapi.SecurityContextHolderAwareRequestFilter@37cc1b11, org.springframework.security.web.authentication.AnonymousAuthenticationFilter@1abc3085, org.springframework.security.web.session.SessionManagementFilter@2f29b7bd, org.springframework.security.web.access.ExceptionTranslationFilter@2035f1f0, org.springframework.security.web.access.intercept.AuthorizationFilter@3bafa95b]
2025-05-11 22:05:37,637 DEBUG [main] o.s.w.s.m.m.a.RequestMappingHandlerAdapter: ControllerAdvice beans: 0 @ModelAttribute, 0 @InitBinder, 1 RequestBodyAdvice, 1 ResponseBodyAdvice
2025-05-11 22:05:37,663 DEBUG [main] o.s.w.s.m.m.a.ExceptionHandlerExceptionResolver: ControllerAdvice beans: 1 @ExceptionHandler, 1 ResponseBodyAdvice
2025-05-11 22:05:37,693 WARN  [main] o.s.b.a.t.ThymeleafAutoConfiguration$DefaultTemplateResolverConfiguration: Cannot find template location: classpath:/templates/ (please add some templates, check your Thymeleaf configuration, or set spring.thymeleaf.check-template-location=false)
2025-05-11 22:05:37,867 INFO  [main] o.a.j.l.DirectJDKLog: Starting ProtocolHandler ["http-nio-8080"]
2025-05-11 22:05:37,877 INFO  [main] o.s.b.w.e.t.TomcatWebServer: Tomcat started on port 8080 (http) with context path '/api/v1'
2025-05-11 22:05:37,886 INFO  [main] o.s.b.StartupInfoLogger: Started ThutoThebeApplication in 5.289 seconds (process running for 5.856)
2025-05-11 22:07:17,239 INFO  [http-nio-8080-exec-2] o.a.j.l.DirectJDKLog: Initializing Spring DispatcherServlet 'dispatcherServlet'
2025-05-11 22:07:17,239 INFO  [http-nio-8080-exec-2] o.s.w.s.FrameworkServlet: Initializing Servlet 'dispatcherServlet'
2025-05-11 22:07:17,240 DEBUG [http-nio-8080-exec-2] o.s.w.s.DispatcherServlet: Detected StandardServletMultipartResolver
2025-05-11 22:07:17,240 DEBUG [http-nio-8080-exec-2] o.s.w.s.DispatcherServlet: Detected AcceptHeaderLocaleResolver
2025-05-11 22:07:17,240 DEBUG [http-nio-8080-exec-2] o.s.w.s.DispatcherServlet: Detected FixedThemeResolver
2025-05-11 22:07:17,241 DEBUG [http-nio-8080-exec-2] o.s.w.s.DispatcherServlet: Detected org.springframework.web.servlet.view.DefaultRequestToViewNameTranslator@5a54d05f
2025-05-11 22:07:17,241 DEBUG [http-nio-8080-exec-2] o.s.w.s.DispatcherServlet: Detected org.springframework.web.servlet.support.SessionFlashMapManager@11caa21d
2025-05-11 22:07:17,241 DEBUG [http-nio-8080-exec-2] o.s.w.s.FrameworkServlet: enableLoggingRequestDetails='false': request parameters and headers will be masked to prevent unsafe logging of potentially sensitive data
2025-05-11 22:07:17,241 INFO  [http-nio-8080-exec-2] o.s.w.s.FrameworkServlet: Completed initialization in 2 ms
2025-05-11 22:07:17,256 DEBUG [http-nio-8080-exec-2] o.s.s.w.FilterChainProxy: Securing POST /auth/register
2025-05-11 22:07:17,261 DEBUG [http-nio-8080-exec-2] o.s.s.w.a.AnonymousAuthenticationFilter: Set SecurityContextHolder to anonymous SecurityContext
2025-05-11 22:07:17,262 DEBUG [http-nio-8080-exec-2] o.s.s.w.s.SessionManagementFilter: Request requested invalid session id 7F45455A4351456C0C020CB013F1777F
2025-05-11 22:07:17,263 DEBUG [http-nio-8080-exec-2] o.s.s.w.FilterChainProxy: Secured POST /auth/register
2025-05-11 22:07:17,264 DEBUG [http-nio-8080-exec-2] c.o.t.c.SecurityDebugFilter: Request URI: /api/v1/auth/register
2025-05-11 22:07:17,264 DEBUG [http-nio-8080-exec-2] c.o.t.c.SecurityDebugFilter: Request Method: POST
2025-05-11 22:07:17,265 DEBUG [http-nio-8080-exec-2] c.o.t.c.SecurityDebugFilter: Request Headers: org.springframework.security.web.firewall.StrictHttpFirewall$StrictFirewalledRequest$2@10bd9833
2025-05-11 22:07:17,265 DEBUG [http-nio-8080-exec-2] c.o.t.c.SecurityDebugFilter: Authorization Header: null
2025-05-11 22:07:17,267 DEBUG [http-nio-8080-exec-2] o.s.c.l.LogFormatUtils: POST "/api/v1/auth/register", parameters={}
2025-05-11 22:07:17,269 DEBUG [http-nio-8080-exec-2] o.s.w.s.h.AbstractHandlerMapping: Mapped to com.ohma.thutothebe.controller.AuthController#register(UserDTO)
2025-05-11 22:07:17,353 DEBUG [http-nio-8080-exec-2] o.s.c.l.LogFormatUtils: Read "application/json;charset=UTF-8" to [UserDTO[id=null, firstName=John, lastName=Doe, email=john.doe@example.com, password=SecurePass123!,  (truncated)...]
2025-05-11 22:07:17,387 INFO  [http-nio-8080-exec-2] c.o.t.u.LoggingUtil: Attempting to register user with email: john.doe@example.com
2025-05-11 22:07:17,556 ERROR [http-nio-8080-exec-2] c.o.t.u.LoggingUtil: Registration error for email: [john.doe@example.com]
jakarta.validation.ConstraintViolationException: Validation failed for classes [com.ohma.thutothebe.entity.User] during persist time for groups [jakarta.validation.groups.Default, ]
List of constraint violations:[
	ConstraintViolationImpl{interpolatedMessage='must not be blank', propertyPath=username, rootBeanClass=class com.ohma.thutothebe.entity.User, messageTemplate='{jakarta.validation.constraints.NotBlank.message}'}
]
	at org.hibernate.boot.beanvalidation.BeanValidationEventListener.validate(BeanValidationEventListener.java:151)
	at org.hibernate.boot.beanvalidation.BeanValidationEventListener.onPreInsert(BeanValidationEventListener.java:81)
	at org.hibernate.action.internal.EntityIdentityInsertAction.preInsert(EntityIdentityInsertAction.java:186)
	at org.hibernate.action.internal.EntityIdentityInsertAction.execute(EntityIdentityInsertAction.java:75)
	at org.hibernate.engine.spi.ActionQueue.execute(ActionQueue.java:670)
	at org.hibernate.engine.spi.ActionQueue.addResolvedEntityInsertAction(ActionQueue.java:291)
	at org.hibernate.engine.spi.ActionQueue.addInsertAction(ActionQueue.java:272)
	at org.hibernate.engine.spi.ActionQueue.addAction(ActionQueue.java:322)
	at org.hibernate.event.internal.AbstractSaveEventListener.addInsertAction(AbstractSaveEventListener.java:386)
	at org.hibernate.event.internal.AbstractSaveEventListener.performSaveOrReplicate(AbstractSaveEventListener.java:300)
	at org.hibernate.event.internal.AbstractSaveEventListener.performSave(AbstractSaveEventListener.java:219)
	at org.hibernate.event.internal.AbstractSaveEventListener.saveWithGeneratedId(AbstractSaveEventListener.java:134)
	at org.hibernate.event.internal.DefaultPersistEventListener.entityIsTransient(DefaultPersistEventListener.java:175)
	at org.hibernate.event.internal.DefaultPersistEventListener.persist(DefaultPersistEventListener.java:93)
	at org.hibernate.event.internal.DefaultPersistEventListener.onPersist(DefaultPersistEventListener.java:77)
	at org.hibernate.event.internal.DefaultPersistEventListener.onPersist(DefaultPersistEventListener.java:54)
	at org.hibernate.event.service.internal.EventListenerGroupImpl.fireEventOnEachListener(EventListenerGroupImpl.java:127)
	at org.hibernate.internal.SessionImpl.firePersist(SessionImpl.java:754)
	at org.hibernate.internal.SessionImpl.persist(SessionImpl.java:738)
	at java.base/jdk.internal.reflect.NativeMethodAccessorImpl.invoke0(Native Method)
	at java.base/jdk.internal.reflect.NativeMethodAccessorImpl.invoke(NativeMethodAccessorImpl.java:77)
	at java.base/jdk.internal.reflect.DelegatingMethodAccessorImpl.invoke(DelegatingMethodAccessorImpl.java:43)
	at java.base/java.lang.reflect.Method.invoke(Method.java:569)
	at org.springframework.orm.jpa.ExtendedEntityManagerCreator$ExtendedEntityManagerInvocationHandler.invoke(ExtendedEntityManagerCreator.java:364)
	at jdk.proxy2/jdk.proxy2.$Proxy181.persist(Unknown Source)
	at java.base/jdk.internal.reflect.NativeMethodAccessorImpl.invoke0(Native Method)
	at java.base/jdk.internal.reflect.NativeMethodAccessorImpl.invoke(NativeMethodAccessorImpl.java:77)
	at java.base/jdk.internal.reflect.DelegatingMethodAccessorImpl.invoke(DelegatingMethodAccessorImpl.java:43)
	at java.base/java.lang.reflect.Method.invoke(Method.java:569)
	at org.springframework.orm.jpa.SharedEntityManagerCreator$SharedEntityManagerInvocationHandler.invoke(SharedEntityManagerCreator.java:319)
	at jdk.proxy2/jdk.proxy2.$Proxy181.persist(Unknown Source)
	at org.springframework.data.jpa.repository.support.SimpleJpaRepository.save(SimpleJpaRepository.java:618)
	at java.base/jdk.internal.reflect.NativeMethodAccessorImpl.invoke0(Native Method)
	at java.base/jdk.internal.reflect.NativeMethodAccessorImpl.invoke(NativeMethodAccessorImpl.java:77)
	at java.base/jdk.internal.reflect.DelegatingMethodAccessorImpl.invoke(DelegatingMethodAccessorImpl.java:43)
	at java.base/java.lang.reflect.Method.invoke(Method.java:569)
	at org.springframework.aop.support.AopUtils.invokeJoinpointUsingReflection(AopUtils.java:351)
	at org.springframework.data.repository.core.support.RepositoryMethodInvoker$RepositoryFragmentMethodInvoker.lambda$new$0(RepositoryMethodInvoker.java:277)
	at org.springframework.data.repository.core.support.RepositoryMethodInvoker.doInvoke(RepositoryMethodInvoker.java:170)
	at org.springframework.data.repository.core.support.RepositoryMethodInvoker.invoke(RepositoryMethodInvoker.java:158)
	at org.springframework.data.repository.core.support.RepositoryComposition$RepositoryFragments.invoke(RepositoryComposition.java:516)
	at org.springframework.data.repository.core.support.RepositoryComposition.invoke(RepositoryComposition.java:285)
	at org.springframework.data.repository.core.support.RepositoryFactorySupport$ImplementationMethodExecutionInterceptor.invoke(RepositoryFactorySupport.java:628)
	at org.springframework.aop.framework.ReflectiveMethodInvocation.proceed(ReflectiveMethodInvocation.java:184)
	at org.springframework.data.repository.core.support.QueryExecutorMethodInterceptor.doInvoke(QueryExecutorMethodInterceptor.java:168)
	at org.springframework.data.repository.core.support.QueryExecutorMethodInterceptor.invoke(QueryExecutorMethodInterceptor.java:143)
	at org.springframework.aop.framework.ReflectiveMethodInvocation.proceed(ReflectiveMethodInvocation.java:184)
	at org.springframework.data.projection.DefaultMethodInvokingMethodInterceptor.invoke(DefaultMethodInvokingMethodInterceptor.java:70)
	at org.springframework.aop.framework.ReflectiveMethodInvocation.proceed(ReflectiveMethodInvocation.java:184)
	at org.springframework.transaction.interceptor.TransactionInterceptor$1.proceedWithInvocation(TransactionInterceptor.java:123)
	at org.springframework.transaction.interceptor.TransactionAspectSupport.invokeWithinTransaction(TransactionAspectSupport.java:385)
	at org.springframework.transaction.interceptor.TransactionInterceptor.invoke(TransactionInterceptor.java:119)
	at org.springframework.aop.framework.ReflectiveMethodInvocation.proceed(ReflectiveMethodInvocation.java:184)
	at org.springframework.dao.support.PersistenceExceptionTranslationInterceptor.invoke(PersistenceExceptionTranslationInterceptor.java:137)
	at org.springframework.aop.framework.ReflectiveMethodInvocation.proceed(ReflectiveMethodInvocation.java:184)
	at org.springframework.data.jpa.repository.support.CrudMethodMetadataPostProcessor$CrudMethodMetadataPopulatingMethodInterceptor.invoke(CrudMethodMetadataPostProcessor.java:164)
	at org.springframework.aop.framework.ReflectiveMethodInvocation.proceed(ReflectiveMethodInvocation.java:184)
	at org.springframework.aop.interceptor.ExposeInvocationInterceptor.invoke(ExposeInvocationInterceptor.java:97)
	at org.springframework.aop.framework.ReflectiveMethodInvocation.proceed(ReflectiveMethodInvocation.java:184)
	at org.springframework.aop.framework.JdkDynamicAopProxy.invoke(JdkDynamicAopProxy.java:220)
	at jdk.proxy2/jdk.proxy2.$Proxy189.save(Unknown Source)
	at com.ohma.thutothebe.service.impl.BaseServiceImpl.create(BaseServiceImpl.java:34)
	at java.base/jdk.internal.reflect.NativeMethodAccessorImpl.invoke0(Native Method)
	at java.base/jdk.internal.reflect.NativeMethodAccessorImpl.invoke(NativeMethodAccessorImpl.java:77)
	at java.base/jdk.internal.reflect.DelegatingMethodAccessorImpl.invoke(DelegatingMethodAccessorImpl.java:43)
	at java.base/java.lang.reflect.Method.invoke(Method.java:569)
	at org.springframework.aop.support.AopUtils.invokeJoinpointUsingReflection(AopUtils.java:351)
	at org.springframework.aop.framework.ReflectiveMethodInvocation.invokeJoinpoint(ReflectiveMethodInvocation.java:196)
	at org.springframework.aop.framework.ReflectiveMethodInvocation.proceed(ReflectiveMethodInvocation.java:163)
	at org.springframework.aop.framework.CglibAopProxy$CglibMethodInvocation.proceed(CglibAopProxy.java:765)
	at org.springframework.transaction.interceptor.TransactionInterceptor$1.proceedWithInvocation(TransactionInterceptor.java:123)
	at org.springframework.transaction.interceptor.TransactionAspectSupport.invokeWithinTransaction(TransactionAspectSupport.java:385)
	at org.springframework.transaction.interceptor.TransactionInterceptor.invoke(TransactionInterceptor.java:119)
	at org.springframework.aop.framework.ReflectiveMethodInvocation.proceed(ReflectiveMethodInvocation.java:184)
	at org.springframework.aop.framework.CglibAopProxy$CglibMethodInvocation.proceed(CglibAopProxy.java:765)
	at org.springframework.aop.framework.CglibAopProxy$DynamicAdvisedInterceptor.intercept(CglibAopProxy.java:717)
	at com.ohma.thutothebe.service.impl.UserServiceImpl$$SpringCGLIB$$0.create(<generated>)
	at com.ohma.thutothebe.controller.AuthController.register(AuthController.java:33)
	at java.base/jdk.internal.reflect.NativeMethodAccessorImpl.invoke0(Native Method)
	at java.base/jdk.internal.reflect.NativeMethodAccessorImpl.invoke(NativeMethodAccessorImpl.java:77)
	at java.base/jdk.internal.reflect.DelegatingMethodAccessorImpl.invoke(DelegatingMethodAccessorImpl.java:43)
	at java.base/java.lang.reflect.Method.invoke(Method.java:569)
	at org.springframework.web.method.support.InvocableHandlerMethod.doInvoke(InvocableHandlerMethod.java:259)
	at org.springframework.web.method.support.InvocableHandlerMethod.invokeForRequest(InvocableHandlerMethod.java:192)
	at org.springframework.web.servlet.mvc.method.annotation.ServletInvocableHandlerMethod.invokeAndHandle(ServletInvocableHandlerMethod.java:118)
	at org.springframework.web.servlet.mvc.method.annotation.RequestMappingHandlerAdapter.invokeHandlerMethod(RequestMappingHandlerAdapter.java:920)
	at org.springframework.web.servlet.mvc.method.annotation.RequestMappingHandlerAdapter.handleInternal(RequestMappingHandlerAdapter.java:830)
	at org.springframework.web.servlet.mvc.method.AbstractHandlerMethodAdapter.handle(AbstractHandlerMethodAdapter.java:87)
	at org.springframework.web.servlet.DispatcherServlet.doDispatch(DispatcherServlet.java:1089)
	at org.springframework.web.servlet.DispatcherServlet.doService(DispatcherServlet.java:979)
	at org.springframework.web.servlet.FrameworkServlet.processRequest(FrameworkServlet.java:1014)
	at org.springframework.web.servlet.FrameworkServlet.doPost(FrameworkServlet.java:914)
	at jakarta.servlet.http.HttpServlet.service(HttpServlet.java:590)
	at org.springframework.web.servlet.FrameworkServlet.service(FrameworkServlet.java:885)
	at jakarta.servlet.http.HttpServlet.service(HttpServlet.java:658)
	at org.apache.catalina.core.ApplicationFilterChain.internalDoFilter(ApplicationFilterChain.java:205)
	at org.apache.catalina.core.ApplicationFilterChain.doFilter(ApplicationFilterChain.java:149)
	at org.apache.tomcat.websocket.server.WsFilter.doFilter(WsFilter.java:51)
	at org.apache.catalina.core.ApplicationFilterChain.internalDoFilter(ApplicationFilterChain.java:174)
	at org.apache.catalina.core.ApplicationFilterChain.doFilter(ApplicationFilterChain.java:149)
	at com.ohma.thutothebe.config.SecurityDebugFilter.doFilterInternal(SecurityDebugFilter.java:28)
	at org.springframework.web.filter.OncePerRequestFilter.doFilter(OncePerRequestFilter.java:116)
	at org.apache.catalina.core.ApplicationFilterChain.internalDoFilter(ApplicationFilterChain.java:174)
	at org.apache.catalina.core.ApplicationFilterChain.doFilter(ApplicationFilterChain.java:149)
	at org.springframework.web.filter.CompositeFilter$VirtualFilterChain.doFilter(CompositeFilter.java:108)
	at org.springframework.security.web.FilterChainProxy.lambda$doFilterInternal$3(FilterChainProxy.java:231)
	at org.springframework.security.web.FilterChainProxy$VirtualFilterChain.doFilter(FilterChainProxy.java:365)
	at org.springframework.security.web.access.intercept.AuthorizationFilter.doFilter(AuthorizationFilter.java:100)
	at org.springframework.security.web.FilterChainProxy$VirtualFilterChain.doFilter(FilterChainProxy.java:374)
	at org.springframework.security.web.access.ExceptionTranslationFilter.doFilter(ExceptionTranslationFilter.java:126)
	at org.springframework.security.web.access.ExceptionTranslationFilter.doFilter(ExceptionTranslationFilter.java:120)
	at org.springframework.security.web.FilterChainProxy$VirtualFilterChain.doFilter(FilterChainProxy.java:374)
	at org.springframework.security.web.session.SessionManagementFilter.doFilter(SessionManagementFilter.java:131)
	at org.springframework.security.web.session.SessionManagementFilter.doFilter(SessionManagementFilter.java:85)
	at org.springframework.security.web.FilterChainProxy$VirtualFilterChain.doFilter(FilterChainProxy.java:374)
	at org.springframework.security.web.authentication.AnonymousAuthenticationFilter.doFilter(AnonymousAuthenticationFilter.java:100)
	at org.springframework.security.web.FilterChainProxy$VirtualFilterChain.doFilter(FilterChainProxy.java:374)
	at org.springframework.security.web.servletapi.SecurityContextHolderAwareRequestFilter.doFilter(SecurityContextHolderAwareRequestFilter.java:179)
	at org.springframework.security.web.FilterChainProxy$VirtualFilterChain.doFilter(FilterChainProxy.java:374)
	at org.springframework.security.web.savedrequest.RequestCacheAwareFilter.doFilter(RequestCacheAwareFilter.java:63)
	at org.springframework.security.web.FilterChainProxy$VirtualFilterChain.doFilter(FilterChainProxy.java:374)
	at org.springframework.security.web.authentication.logout.LogoutFilter.doFilter(LogoutFilter.java:107)
	at org.springframework.security.web.authentication.logout.LogoutFilter.doFilter(LogoutFilter.java:93)
	at org.springframework.security.web.FilterChainProxy$VirtualFilterChain.doFilter(FilterChainProxy.java:374)
	at org.springframework.web.filter.CorsFilter.doFilterInternal(CorsFilter.java:91)
	at org.springframework.web.filter.OncePerRequestFilter.doFilter(OncePerRequestFilter.java:116)
	at org.springframework.security.web.FilterChainProxy$VirtualFilterChain.doFilter(FilterChainProxy.java:374)
	at org.springframework.security.web.header.HeaderWriterFilter.doHeadersAfter(HeaderWriterFilter.java:90)
	at org.springframework.security.web.header.HeaderWriterFilter.doFilterInternal(HeaderWriterFilter.java:75)
	at org.springframework.web.filter.OncePerRequestFilter.doFilter(OncePerRequestFilter.java:116)
	at org.springframework.security.web.FilterChainProxy$VirtualFilterChain.doFilter(FilterChainProxy.java:374)
	at org.springframework.security.web.context.SecurityContextHolderFilter.doFilter(SecurityContextHolderFilter.java:82)
	at org.springframework.security.web.context.SecurityContextHolderFilter.doFilter(SecurityContextHolderFilter.java:69)
	at org.springframework.security.web.FilterChainProxy$VirtualFilterChain.doFilter(FilterChainProxy.java:374)
	at org.springframework.security.web.context.request.async.WebAsyncManagerIntegrationFilter.doFilterInternal(WebAsyncManagerIntegrationFilter.java:62)
	at org.springframework.web.filter.OncePerRequestFilter.doFilter(OncePerRequestFilter.java:116)
	at org.springframework.security.web.FilterChainProxy$VirtualFilterChain.doFilter(FilterChainProxy.java:374)
	at org.springframework.security.web.session.DisableEncodeUrlFilter.doFilterInternal(DisableEncodeUrlFilter.java:42)
	at org.springframework.web.filter.OncePerRequestFilter.doFilter(OncePerRequestFilter.java:116)
	at org.springframework.security.web.FilterChainProxy$VirtualFilterChain.doFilter(FilterChainProxy.java:374)
	at org.springframework.security.web.FilterChainProxy.doFilterInternal(FilterChainProxy.java:233)
	at org.springframework.security.web.FilterChainProxy.doFilter(FilterChainProxy.java:191)
	at org.springframework.web.filter.CompositeFilter$VirtualFilterChain.doFilter(CompositeFilter.java:113)
	at org.springframework.web.servlet.handler.HandlerMappingIntrospector.lambda$createCacheFilter$3(HandlerMappingIntrospector.java:195)
	at org.springframework.web.filter.CompositeFilter$VirtualFilterChain.doFilter(CompositeFilter.java:113)
	at org.springframework.web.filter.CompositeFilter.doFilter(CompositeFilter.java:74)
	at org.springframework.security.config.annotation.web.configuration.WebMvcSecurityConfiguration$CompositeFilterChainProxy.doFilter(WebMvcSecurityConfiguration.java:230)
	at org.springframework.web.filter.DelegatingFilterProxy.invokeDelegate(DelegatingFilterProxy.java:352)
	at org.springframework.web.filter.DelegatingFilterProxy.doFilter(DelegatingFilterProxy.java:268)
	at org.apache.catalina.core.ApplicationFilterChain.internalDoFilter(ApplicationFilterChain.java:174)
	at org.apache.catalina.core.ApplicationFilterChain.doFilter(ApplicationFilterChain.java:149)
	at org.springframework.web.filter.RequestContextFilter.doFilterInternal(RequestContextFilter.java:100)
	at org.springframework.web.filter.OncePerRequestFilter.doFilter(OncePerRequestFilter.java:116)
	at org.apache.catalina.core.ApplicationFilterChain.internalDoFilter(ApplicationFilterChain.java:174)
	at org.apache.catalina.core.ApplicationFilterChain.doFilter(ApplicationFilterChain.java:149)
	at org.springframework.web.filter.FormContentFilter.doFilterInternal(FormContentFilter.java:93)
	at org.springframework.web.filter.OncePerRequestFilter.doFilter(OncePerRequestFilter.java:116)
	at org.apache.catalina.core.ApplicationFilterChain.internalDoFilter(ApplicationFilterChain.java:174)
	at org.apache.catalina.core.ApplicationFilterChain.doFilter(ApplicationFilterChain.java:149)
	at org.springframework.web.filter.CharacterEncodingFilter.doFilterInternal(CharacterEncodingFilter.java:201)
	at org.springframework.web.filter.OncePerRequestFilter.doFilter(OncePerRequestFilter.java:116)
	at org.apache.catalina.core.ApplicationFilterChain.internalDoFilter(ApplicationFilterChain.java:174)
	at org.apache.catalina.core.ApplicationFilterChain.doFilter(ApplicationFilterChain.java:149)
	at org.apache.catalina.core.StandardWrapperValve.invoke(StandardWrapperValve.java:167)
	at org.apache.catalina.core.StandardContextValve.invoke(StandardContextValve.java:90)
	at org.apache.catalina.authenticator.AuthenticatorBase.invoke(AuthenticatorBase.java:482)
	at org.apache.catalina.core.StandardHostValve.invoke(StandardHostValve.java:115)
	at org.apache.catalina.valves.ErrorReportValve.invoke(ErrorReportValve.java:93)
	at org.apache.catalina.core.StandardEngineValve.invoke(StandardEngineValve.java:74)
	at org.apache.catalina.connector.CoyoteAdapter.service(CoyoteAdapter.java:344)
	at org.apache.coyote.http11.Http11Processor.service(Http11Processor.java:391)
	at org.apache.coyote.AbstractProcessorLight.process(AbstractProcessorLight.java:63)
	at org.apache.coyote.AbstractProtocol$ConnectionHandler.process(AbstractProtocol.java:896)
	at org.apache.tomcat.util.net.NioEndpoint$SocketProcessor.doRun(NioEndpoint.java:1744)
	at org.apache.tomcat.util.net.SocketProcessorBase.run(SocketProcessorBase.java:52)
	at org.apache.tomcat.util.threads.ThreadPoolExecutor.runWorker(ThreadPoolExecutor.java:1191)
	at org.apache.tomcat.util.threads.ThreadPoolExecutor$Worker.run(ThreadPoolExecutor.java:659)
	at org.apache.tomcat.util.threads.TaskThread$WrappingRunnable.run(TaskThread.java:63)
	at java.base/java.lang.Thread.run(Thread.java:840)
2025-05-11 22:07:17,586 DEBUG [http-nio-8080-exec-2] o.s.w.s.m.m.a.AbstractMessageConverterMethodProcessor: Using 'application/json', given [*/*] and supported [application/json, application/*+json]
2025-05-11 22:07:17,588 DEBUG [http-nio-8080-exec-2] o.s.c.l.LogFormatUtils: Writing [OhmaApiResponse(status=ERROR, message=Validation failed for classes [com.ohma.thutothebe.entity.User (truncated)...]
2025-05-11 22:07:17,596 DEBUG [http-nio-8080-exec-2] o.s.w.s.FrameworkServlet: Completed 400 BAD_REQUEST
2025-05-11 22:07:17,597 DEBUG [http-nio-8080-exec-2] c.o.t.c.SecurityDebugFilter: Response Status: 400
2025-05-11 22:09:01,943 INFO  [SpringApplicationShutdownHook] o.s.o.j.AbstractEntityManagerFactoryBean: Closing JPA EntityManagerFactory for persistence unit 'default'
2025-05-11 22:09:01,947 WARN  [SpringApplicationShutdownHook] o.h.c.s.AbstractRegionFactory: HHH90001002: Attempt to restop an already stopped JCacheRegionFactory.
2025-05-11 22:09:01,950 INFO  [SpringApplicationShutdownHook] c.z.h.HikariDataSource: ThutoLMSHikariPool - Shutdown initiated...
2025-05-11 22:09:01,952 INFO  [SpringApplicationShutdownHook] c.z.h.HikariDataSource: ThutoLMSHikariPool - Shutdown completed.
2025-05-11 22:09:05,291 INFO  [background-preinit] o.h.v.i.u.Version: HV000001: Hibernate Validator 8.0.1.Final
2025-05-11 22:09:05,343 INFO  [main] o.s.b.StartupInfoLogger: Starting ThutoThebeApplication using Java 17.0.14 with PID 291217 (/home/obakengm/Personal/thutothebe/backend/target/classes started by obakengm in /home/obakengm/Personal/thutothebe)
2025-05-11 22:09:05,344 DEBUG [main] o.s.b.StartupInfoLogger: Running with Spring Boot v3.2.3, Spring v6.1.4
2025-05-11 22:09:05,345 INFO  [main] o.s.b.SpringApplication: No active profile set, falling back to 1 default profile: "default"
2025-05-11 22:09:06,181 INFO  [main] o.s.d.r.c.RepositoryConfigurationDelegate: Bootstrapping Spring Data JPA repositories in DEFAULT mode.
2025-05-11 22:09:06,243 INFO  [main] o.s.d.r.c.RepositoryConfigurationDelegate: Finished Spring Data repository scanning in 55 ms. Found 4 JPA repository interfaces.
2025-05-11 22:09:06,725 INFO  [main] o.s.b.w.e.t.TomcatWebServer: Tomcat initialized with port 8080 (http)
2025-05-11 22:09:06,732 INFO  [main] o.a.j.l.DirectJDKLog: Initializing ProtocolHandler ["http-nio-8080"]
2025-05-11 22:09:06,734 INFO  [main] o.a.j.l.DirectJDKLog: Starting service [Tomcat]
2025-05-11 22:09:06,734 INFO  [main] o.a.j.l.DirectJDKLog: Starting Servlet engine: [Apache Tomcat/10.1.19]
2025-05-11 22:09:06,777 INFO  [main] o.a.j.l.DirectJDKLog: Initializing Spring embedded WebApplicationContext
2025-05-11 22:09:06,778 INFO  [main] o.s.b.w.s.c.ServletWebServerApplicationContext: Root WebApplicationContext: initialization completed in 1390 ms
2025-05-11 22:09:06,818 DEBUG [main] o.s.w.f.GenericFilterBean: Filter 'securityDebugFilter' configured for use
2025-05-11 22:09:06,875 INFO  [main] c.z.h.HikariDataSource: ThutoLMSHikariPool - Starting...
2025-05-11 22:09:06,993 INFO  [main] c.z.h.p.HikariPool: ThutoLMSHikariPool - Added connection org.postgresql.jdbc.PgConnection@25214797
2025-05-11 22:09:06,994 INFO  [main] c.z.h.HikariDataSource: ThutoLMSHikariPool - Start completed.
2025-05-11 22:09:07,058 INFO  [main] o.f.c.i.l.s.Slf4jLog: Flyway Community Edition 9.22.3 by Redgate
2025-05-11 22:09:07,058 INFO  [main] o.f.c.i.l.s.Slf4jLog: See release notes here: https://rd.gt/416ObMi
2025-05-11 22:09:07,059 INFO  [main] o.f.c.i.l.s.Slf4jLog: 
2025-05-11 22:09:07,067 INFO  [main] o.f.c.i.l.s.Slf4jLog: Database: jdbc:postgresql://localhost:5432/thutothebe (PostgreSQL 13.20)
2025-05-11 22:09:07,085 INFO  [main] o.f.c.i.l.s.Slf4jLog: Successfully validated 0 migrations (execution time 00:00.007s)
2025-05-11 22:09:07,086 WARN  [main] o.f.c.i.l.s.Slf4jLog: No migrations found. Are your locations set up correctly?
2025-05-11 22:09:07,116 INFO  [main] o.f.c.i.l.s.Slf4jLog: Current version of schema "public": << Empty Schema >>
2025-05-11 22:09:07,120 INFO  [main] o.f.c.i.l.s.Slf4jLog: Schema "public" is up to date. No migration necessary.
2025-05-11 22:09:07,195 INFO  [main] o.h.j.i.u.LogHelper: HHH000204: Processing PersistenceUnitInfo [name: default]
2025-05-11 22:09:07,257 INFO  [main] o.h.Version: HHH000412: Hibernate ORM core version 6.4.4.Final
2025-05-11 22:09:07,288 INFO  [main] o.h.c.i.RegionFactoryInitiator: HHH000025: Second-level cache region factory [org.hibernate.cache.jcache.internal.JCacheRegionFactory]
2025-05-11 22:09:07,504 INFO  [main] o.s.o.j.p.SpringPersistenceUnitInfo: No LoadTimeWeaver setup: ignoring JPA class transformer
2025-05-11 22:09:07,540 WARN  [main] o.h.e.j.d.i.DialectFactoryImpl: HHH90000025: PostgreSQLDialect does not need to be specified explicitly using 'hibernate.dialect' (remove the property setting and it will be selected by default)
2025-05-11 22:09:08,707 INFO  [main] o.h.e.t.j.p.i.JtaPlatformInitiator: HHH000489: No JTA platform available (set 'hibernate.transaction.jta.platform' to enable JTA platform integration)
2025-05-11 22:09:08,807 INFO  [main] o.s.o.j.AbstractEntityManagerFactoryBean: Initialized JPA EntityManagerFactory for persistence unit 'default'
2025-05-11 22:09:09,184 INFO  [main] o.s.d.j.r.q.QueryEnhancerFactory: Hibernate is in classpath; If applicable, HQL parser will be used.
2025-05-11 22:09:09,724 WARN  [main] o.s.b.a.o.j.JpaBaseConfiguration$JpaWebConfiguration: spring.jpa.open-in-view is enabled by default. Therefore, database queries may be performed during view rendering. Explicitly configure spring.jpa.open-in-view to disable this warning
2025-05-11 22:09:09,740 WARN  [main] o.s.b.a.s.s.UserDetailsServiceAutoConfiguration: 

Using generated security password: ad3d59b1-4f6b-4bad-953a-fe905860996c

This generated password is for development use only. Your security configuration must be updated before running your application in production.

2025-05-11 22:09:09,927 DEBUG [main] o.s.w.s.h.AbstractHandlerMethodMapping: 37 mappings in 'requestMappingHandlerMapping'
2025-05-11 22:09:09,999 DEBUG [main] o.s.w.s.h.SimpleUrlHandlerMapping: Patterns [/webjars/**, /**, /swagger-ui*/*swagger-initializer.js, /swagger-ui*/**] in 'resourceHandlerMapping'
2025-05-11 22:09:10,030 INFO  [main] o.s.s.w.DefaultSecurityFilterChain: Will secure any request with [org.springframework.security.web.session.DisableEncodeUrlFilter@1479c527, org.springframework.security.web.context.request.async.WebAsyncManagerIntegrationFilter@4c55d3ce, org.springframework.security.web.context.SecurityContextHolderFilter@68bbd5c2, org.springframework.security.web.header.HeaderWriterFilter@4fc50fee, org.springframework.web.filter.CorsFilter@3bafa95b, org.springframework.security.web.authentication.logout.LogoutFilter@3532b5d9, org.springframework.security.web.savedrequest.RequestCacheAwareFilter@2f29b7bd, org.springframework.security.web.servletapi.SecurityContextHolderAwareRequestFilter@71c16f67, org.springframework.security.web.authentication.AnonymousAuthenticationFilter@6bbcb69f, org.springframework.security.web.session.SessionManagementFilter@1f4c7fd9, org.springframework.security.web.access.ExceptionTranslationFilter@1928dc66, org.springframework.security.web.access.intercept.AuthorizationFilter@7af45006]
2025-05-11 22:09:10,102 DEBUG [main] o.s.w.s.m.m.a.RequestMappingHandlerAdapter: ControllerAdvice beans: 0 @ModelAttribute, 0 @InitBinder, 1 RequestBodyAdvice, 1 ResponseBodyAdvice
2025-05-11 22:09:10,132 DEBUG [main] o.s.w.s.m.m.a.ExceptionHandlerExceptionResolver: ControllerAdvice beans: 1 @ExceptionHandler, 1 ResponseBodyAdvice
2025-05-11 22:09:10,174 WARN  [main] o.s.b.a.t.ThymeleafAutoConfiguration$DefaultTemplateResolverConfiguration: Cannot find template location: classpath:/templates/ (please add some templates, check your Thymeleaf configuration, or set spring.thymeleaf.check-template-location=false)
2025-05-11 22:09:10,369 INFO  [main] o.a.j.l.DirectJDKLog: Starting ProtocolHandler ["http-nio-8080"]
2025-05-11 22:09:10,382 INFO  [main] o.s.b.w.e.t.TomcatWebServer: Tomcat started on port 8080 (http) with context path '/api/v1'
2025-05-11 22:09:10,396 INFO  [main] o.s.b.StartupInfoLogger: Started ThutoThebeApplication in 5.606 seconds (process running for 6.18)
2025-05-11 22:09:26,177 INFO  [http-nio-8080-exec-2] o.a.j.l.DirectJDKLog: Initializing Spring DispatcherServlet 'dispatcherServlet'
2025-05-11 22:09:26,178 INFO  [http-nio-8080-exec-2] o.s.w.s.FrameworkServlet: Initializing Servlet 'dispatcherServlet'
2025-05-11 22:09:26,179 DEBUG [http-nio-8080-exec-2] o.s.w.s.DispatcherServlet: Detected StandardServletMultipartResolver
2025-05-11 22:09:26,179 DEBUG [http-nio-8080-exec-2] o.s.w.s.DispatcherServlet: Detected AcceptHeaderLocaleResolver
2025-05-11 22:09:26,179 DEBUG [http-nio-8080-exec-2] o.s.w.s.DispatcherServlet: Detected FixedThemeResolver
2025-05-11 22:09:26,181 DEBUG [http-nio-8080-exec-2] o.s.w.s.DispatcherServlet: Detected org.springframework.web.servlet.view.DefaultRequestToViewNameTranslator@5e1db27e
2025-05-11 22:09:26,182 DEBUG [http-nio-8080-exec-2] o.s.w.s.DispatcherServlet: Detected org.springframework.web.servlet.support.SessionFlashMapManager@3d118651
2025-05-11 22:09:26,182 DEBUG [http-nio-8080-exec-2] o.s.w.s.FrameworkServlet: enableLoggingRequestDetails='false': request parameters and headers will be masked to prevent unsafe logging of potentially sensitive data
2025-05-11 22:09:26,182 INFO  [http-nio-8080-exec-2] o.s.w.s.FrameworkServlet: Completed initialization in 4 ms
2025-05-11 22:09:26,212 DEBUG [http-nio-8080-exec-2] o.s.s.w.FilterChainProxy: Securing POST /auth/register
2025-05-11 22:09:26,220 DEBUG [http-nio-8080-exec-2] o.s.s.w.a.AnonymousAuthenticationFilter: Set SecurityContextHolder to anonymous SecurityContext
2025-05-11 22:09:26,221 DEBUG [http-nio-8080-exec-2] o.s.s.w.s.SessionManagementFilter: Request requested invalid session id 7F45455A4351456C0C020CB013F1777F
2025-05-11 22:09:26,223 DEBUG [http-nio-8080-exec-2] o.s.s.w.FilterChainProxy: Secured POST /auth/register
2025-05-11 22:09:26,223 DEBUG [http-nio-8080-exec-2] c.o.t.c.SecurityDebugFilter: Request URI: /api/v1/auth/register
2025-05-11 22:09:26,223 DEBUG [http-nio-8080-exec-2] c.o.t.c.SecurityDebugFilter: Request Method: POST
2025-05-11 22:09:26,224 DEBUG [http-nio-8080-exec-2] c.o.t.c.SecurityDebugFilter: Request Headers: org.springframework.security.web.firewall.StrictHttpFirewall$StrictFirewalledRequest$2@76a916ea
2025-05-11 22:09:26,225 DEBUG [http-nio-8080-exec-2] c.o.t.c.SecurityDebugFilter: Authorization Header: null
2025-05-11 22:09:26,228 DEBUG [http-nio-8080-exec-2] o.s.c.l.LogFormatUtils: POST "/api/v1/auth/register", parameters={}
2025-05-11 22:09:26,230 DEBUG [http-nio-8080-exec-2] o.s.w.s.h.AbstractHandlerMapping: Mapped to com.ohma.thutothebe.controller.AuthController#register(UserDTO)
2025-05-11 22:09:26,313 DEBUG [http-nio-8080-exec-2] o.s.c.l.LogFormatUtils: Read "application/json;charset=UTF-8" to [UserDTO[id=null, firstName=John, lastName=Doe, email=john.doe@example.com, password=SecurePass123!,  (truncated)...]
2025-05-11 22:09:26,348 INFO  [http-nio-8080-exec-2] c.o.t.u.LoggingUtil: Attempting to register user with email: john.doe@example.com
2025-05-11 22:09:26,503 DEBUG [http-nio-8080-exec-2] o.h.e.j.s.SqlStatementLogger: 
    insert 
    into
        users
        (active, created_at, email, first_name, last_name, modified_at, password, role, updated_at, username, version) 
    values
        (?, ?, ?, ?, ?, ?, ?, ?, ?, ?, ?)
2025-05-11 22:09:26,529 INFO  [http-nio-8080-exec-2] c.o.t.u.LoggingUtil: Successfully registered user with email: john.doe@example.com
2025-05-11 22:09:26,552 DEBUG [http-nio-8080-exec-2] o.s.w.s.m.m.a.AbstractMessageConverterMethodProcessor: Using 'application/json', given [*/*] and supported [application/json, application/*+json]
2025-05-11 22:09:26,553 DEBUG [http-nio-8080-exec-2] o.s.c.l.LogFormatUtils: Writing [OhmaApiResponse(status=SUCCESS, message=Operation completed successfully, data=UserDTO[id=1, firstNa (truncated)...]
2025-05-11 22:09:26,567 DEBUG [http-nio-8080-exec-2] o.s.w.s.FrameworkServlet: Completed 200 OK
2025-05-11 22:09:26,567 DEBUG [http-nio-8080-exec-2] c.o.t.c.SecurityDebugFilter: Response Status: 200
2025-05-11 22:12:46,265 DEBUG [http-nio-8080-exec-5] o.s.s.w.FilterChainProxy: Securing POST /auth/login
2025-05-11 22:12:46,266 DEBUG [http-nio-8080-exec-5] o.s.s.w.a.AnonymousAuthenticationFilter: Set SecurityContextHolder to anonymous SecurityContext
2025-05-11 22:12:46,266 DEBUG [http-nio-8080-exec-5] o.s.s.w.s.SessionManagementFilter: Request requested invalid session id 7F45455A4351456C0C020CB013F1777F
2025-05-11 22:12:46,267 DEBUG [http-nio-8080-exec-5] o.s.s.w.FilterChainProxy: Secured POST /auth/login
2025-05-11 22:12:46,267 DEBUG [http-nio-8080-exec-5] c.o.t.c.SecurityDebugFilter: Request URI: /api/v1/auth/login
2025-05-11 22:12:46,267 DEBUG [http-nio-8080-exec-5] c.o.t.c.SecurityDebugFilter: Request Method: POST
2025-05-11 22:12:46,267 DEBUG [http-nio-8080-exec-5] c.o.t.c.SecurityDebugFilter: Request Headers: org.springframework.security.web.firewall.StrictHttpFirewall$StrictFirewalledRequest$2@3b6d8160
2025-05-11 22:12:46,267 DEBUG [http-nio-8080-exec-5] c.o.t.c.SecurityDebugFilter: Authorization Header: null
2025-05-11 22:12:46,267 DEBUG [http-nio-8080-exec-5] o.s.c.l.LogFormatUtils: POST "/api/v1/auth/login", parameters={}
2025-05-11 22:12:46,268 DEBUG [http-nio-8080-exec-5] o.s.w.s.h.AbstractHandlerMapping: Mapped to com.ohma.thutothebe.controller.AuthController#login(AuthRequest)
2025-05-11 22:12:46,272 DEBUG [http-nio-8080-exec-5] o.s.c.l.LogFormatUtils: Read "application/json;charset=UTF-8" to [AuthRequest[email=john.doe@example.com, password=SecurePass123!]]
2025-05-11 22:12:46,275 INFO  [http-nio-8080-exec-5] c.o.t.u.LoggingUtil: Login attempt for user: john.doe@example.com
2025-05-11 22:12:46,359 DEBUG [http-nio-8080-exec-5] o.h.e.j.s.SqlStatementLogger: 
    select
        u1_0.id,
        u1_0.active,
        u1_0.created_at,
        u1_0.email,
        u1_0.first_name,
        u1_0.last_name,
        u1_0.modified_at,
        u1_0.password,
        u1_0.role,
        u1_0.updated_at,
        u1_0.username,
        u1_0.version 
    from
        users u1_0 
    where
        u1_0.email=?
2025-05-11 22:12:46,498 INFO  [http-nio-8080-exec-5] c.o.t.u.LoggingUtil: Successful login for user: john.doe@example.com
2025-05-11 22:12:46,499 DEBUG [http-nio-8080-exec-5] o.s.w.s.m.m.a.AbstractMessageConverterMethodProcessor: Using 'application/json', given [*/*] and supported [application/json, application/*+json]
2025-05-11 22:12:46,499 DEBUG [http-nio-8080-exec-5] o.s.c.l.LogFormatUtils: Writing [OhmaApiResponse(status=SUCCESS, message=Operation completed successfully, data=AuthResponse[token=ey (truncated)...]
2025-05-11 22:12:46,502 DEBUG [http-nio-8080-exec-5] o.s.w.s.FrameworkServlet: Completed 200 OK
2025-05-11 22:12:46,503 DEBUG [http-nio-8080-exec-5] c.o.t.c.SecurityDebugFilter: Response Status: 200
2025-05-11 22:13:40,458 DEBUG [http-nio-8080-exec-6] o.s.s.w.FilterChainProxy: Securing GET /swagger-ui.html
2025-05-11 22:13:40,459 DEBUG [http-nio-8080-exec-6] o.s.s.w.a.AnonymousAuthenticationFilter: Set SecurityContextHolder to anonymous SecurityContext
2025-05-11 22:13:40,460 DEBUG [http-nio-8080-exec-6] o.s.s.w.FilterChainProxy: Secured GET /swagger-ui.html
2025-05-11 22:13:40,460 DEBUG [http-nio-8080-exec-6] c.o.t.c.SecurityDebugFilter: Request URI: /api/v1/swagger-ui.html
2025-05-11 22:13:40,460 DEBUG [http-nio-8080-exec-6] c.o.t.c.SecurityDebugFilter: Request Method: GET
2025-05-11 22:13:40,460 DEBUG [http-nio-8080-exec-6] c.o.t.c.SecurityDebugFilter: Request Headers: org.springframework.security.web.firewall.StrictHttpFirewall$StrictFirewalledRequest$2@3ea50a60
2025-05-11 22:13:40,461 DEBUG [http-nio-8080-exec-6] c.o.t.c.SecurityDebugFilter: Authorization Header: null
2025-05-11 22:13:40,461 DEBUG [http-nio-8080-exec-6] o.s.c.l.LogFormatUtils: GET "/api/v1/swagger-ui.html", parameters={}
2025-05-11 22:13:40,462 DEBUG [http-nio-8080-exec-6] o.s.w.s.h.AbstractHandlerMapping: Mapped to org.springdoc.webmvc.ui.SwaggerWelcomeWebMvc#redirectToUi(HttpServletRequest)
2025-05-11 22:13:40,506 DEBUG [http-nio-8080-exec-6] o.s.w.s.m.m.a.AbstractMessageConverterMethodProcessor: Using 'application/json;q=0.8', given [text/html, application/xhtml+xml, image/avif, image/webp, image/apng, application/xml;q=0.9, */*;q=0.8, application/signed-exchange;v=b3;q=0.7] and supported [application/json, application/*+json]
2025-05-11 22:13:40,510 DEBUG [http-nio-8080-exec-6] o.s.w.s.m.m.a.AbstractMessageConverterMethodProcessor: Nothing to write: null body
2025-05-11 22:13:40,511 DEBUG [http-nio-8080-exec-6] o.s.w.s.FrameworkServlet: Completed 302 FOUND
2025-05-11 22:13:40,511 DEBUG [http-nio-8080-exec-6] c.o.t.c.SecurityDebugFilter: Response Status: 302
2025-05-11 22:13:40,526 DEBUG [http-nio-8080-exec-7] o.s.s.w.FilterChainProxy: Securing GET /swagger-ui/index.html
2025-05-11 22:13:40,527 DEBUG [http-nio-8080-exec-7] o.s.s.w.a.AnonymousAuthenticationFilter: Set SecurityContextHolder to anonymous SecurityContext
2025-05-11 22:13:40,528 DEBUG [http-nio-8080-exec-7] o.s.s.w.FilterChainProxy: Secured GET /swagger-ui/index.html
2025-05-11 22:13:40,528 DEBUG [http-nio-8080-exec-7] c.o.t.c.SecurityDebugFilter: Request URI: /api/v1/swagger-ui/index.html
2025-05-11 22:13:40,528 DEBUG [http-nio-8080-exec-7] c.o.t.c.SecurityDebugFilter: Request Method: GET
2025-05-11 22:13:40,528 DEBUG [http-nio-8080-exec-7] c.o.t.c.SecurityDebugFilter: Request Headers: org.springframework.security.web.firewall.StrictHttpFirewall$StrictFirewalledRequest$2@7d7f40ce
2025-05-11 22:13:40,528 DEBUG [http-nio-8080-exec-7] c.o.t.c.SecurityDebugFilter: Authorization Header: null
2025-05-11 22:13:40,528 DEBUG [http-nio-8080-exec-7] o.s.c.l.LogFormatUtils: GET "/api/v1/swagger-ui/index.html", parameters={}
2025-05-11 22:13:40,529 DEBUG [http-nio-8080-exec-7] o.s.w.s.h.AbstractHandlerMapping: Mapped to ResourceHttpRequestHandler [classpath [META-INF/resources/webjars/]]
2025-05-11 22:13:40,534 DEBUG [http-nio-8080-exec-7] o.s.w.s.FrameworkServlet: Completed 200 OK
2025-05-11 22:13:40,535 DEBUG [http-nio-8080-exec-7] c.o.t.c.SecurityDebugFilter: Response Status: 200
2025-05-11 22:13:40,552 DEBUG [http-nio-8080-exec-8] o.s.s.w.FilterChainProxy: Securing GET /swagger-ui/swagger-ui.css
2025-05-11 22:13:40,553 DEBUG [http-nio-8080-exec-8] o.s.s.w.a.AnonymousAuthenticationFilter: Set SecurityContextHolder to anonymous SecurityContext
2025-05-11 22:13:40,553 DEBUG [http-nio-8080-exec-9] o.s.s.w.FilterChainProxy: Securing GET /swagger-ui/index.css
2025-05-11 22:13:40,553 DEBUG [http-nio-8080-exec-8] o.s.s.w.FilterChainProxy: Secured GET /swagger-ui/swagger-ui.css
2025-05-11 22:13:40,553 DEBUG [http-nio-8080-exec-9] o.s.s.w.a.AnonymousAuthenticationFilter: Set SecurityContextHolder to anonymous SecurityContext
2025-05-11 22:13:40,553 DEBUG [http-nio-8080-exec-8] c.o.t.c.SecurityDebugFilter: Request URI: /api/v1/swagger-ui/swagger-ui.css
2025-05-11 22:13:40,554 DEBUG [http-nio-8080-exec-9] o.s.s.w.FilterChainProxy: Secured GET /swagger-ui/index.css
2025-05-11 22:13:40,554 DEBUG [http-nio-8080-exec-8] c.o.t.c.SecurityDebugFilter: Request Method: GET
2025-05-11 22:13:40,554 DEBUG [http-nio-8080-exec-9] c.o.t.c.SecurityDebugFilter: Request URI: /api/v1/swagger-ui/index.css
2025-05-11 22:13:40,554 DEBUG [http-nio-8080-exec-8] c.o.t.c.SecurityDebugFilter: Request Headers: org.springframework.security.web.firewall.StrictHttpFirewall$StrictFirewalledRequest$2@5ac5f69
2025-05-11 22:13:40,554 DEBUG [http-nio-8080-exec-9] c.o.t.c.SecurityDebugFilter: Request Method: GET
2025-05-11 22:13:40,554 DEBUG [http-nio-8080-exec-8] c.o.t.c.SecurityDebugFilter: Authorization Header: null
2025-05-11 22:13:40,554 DEBUG [http-nio-8080-exec-9] c.o.t.c.SecurityDebugFilter: Request Headers: org.springframework.security.web.firewall.StrictHttpFirewall$StrictFirewalledRequest$2@794e7fa4
2025-05-11 22:13:40,554 DEBUG [http-nio-8080-exec-8] o.s.c.l.LogFormatUtils: GET "/api/v1/swagger-ui/swagger-ui.css", parameters={}
2025-05-11 22:13:40,554 DEBUG [http-nio-8080-exec-9] c.o.t.c.SecurityDebugFilter: Authorization Header: null
2025-05-11 22:13:40,555 DEBUG [http-nio-8080-exec-9] o.s.c.l.LogFormatUtils: GET "/api/v1/swagger-ui/index.css", parameters={}
2025-05-11 22:13:40,555 DEBUG [http-nio-8080-exec-8] o.s.w.s.h.AbstractHandlerMapping: Mapped to ResourceHttpRequestHandler [classpath [META-INF/resources/webjars/]]
2025-05-11 22:13:40,555 DEBUG [http-nio-8080-exec-2] o.s.s.w.FilterChainProxy: Securing GET /swagger-ui/swagger-initializer.js
2025-05-11 22:13:40,555 DEBUG [http-nio-8080-exec-1] o.s.s.w.FilterChainProxy: Securing GET /swagger-ui/swagger-ui-standalone-preset.js
2025-05-11 22:13:40,555 DEBUG [http-nio-8080-exec-2] o.s.s.w.a.AnonymousAuthenticationFilter: Set SecurityContextHolder to anonymous SecurityContext
2025-05-11 22:13:40,556 DEBUG [http-nio-8080-exec-2] o.s.s.w.FilterChainProxy: Secured GET /swagger-ui/swagger-initializer.js
2025-05-11 22:13:40,556 DEBUG [http-nio-8080-exec-2] c.o.t.c.SecurityDebugFilter: Request URI: /api/v1/swagger-ui/swagger-initializer.js
2025-05-11 22:13:40,556 DEBUG [http-nio-8080-exec-2] c.o.t.c.SecurityDebugFilter: Request Method: GET
2025-05-11 22:13:40,556 DEBUG [http-nio-8080-exec-9] o.s.w.s.h.AbstractHandlerMapping: Mapped to ResourceHttpRequestHandler [classpath [META-INF/resources/webjars/]]
2025-05-11 22:13:40,556 DEBUG [http-nio-8080-exec-1] o.s.s.w.a.AnonymousAuthenticationFilter: Set SecurityContextHolder to anonymous SecurityContext
2025-05-11 22:13:40,556 DEBUG [http-nio-8080-exec-2] c.o.t.c.SecurityDebugFilter: Request Headers: org.springframework.security.web.firewall.StrictHttpFirewall$StrictFirewalledRequest$2@209627b
2025-05-11 22:13:40,555 DEBUG [http-nio-8080-exec-10] o.s.s.w.FilterChainProxy: Securing GET /swagger-ui/swagger-ui-bundle.js
2025-05-11 22:13:40,557 DEBUG [http-nio-8080-exec-2] c.o.t.c.SecurityDebugFilter: Authorization Header: null
2025-05-11 22:13:40,557 DEBUG [http-nio-8080-exec-1] o.s.s.w.FilterChainProxy: Secured GET /swagger-ui/swagger-ui-standalone-preset.js
2025-05-11 22:13:40,558 DEBUG [http-nio-8080-exec-1] c.o.t.c.SecurityDebugFilter: Request URI: /api/v1/swagger-ui/swagger-ui-standalone-preset.js
2025-05-11 22:13:40,558 DEBUG [http-nio-8080-exec-2] o.s.c.l.LogFormatUtils: GET "/api/v1/swagger-ui/swagger-initializer.js", parameters={}
2025-05-11 22:13:40,558 DEBUG [http-nio-8080-exec-10] o.s.s.w.a.AnonymousAuthenticationFilter: Set SecurityContextHolder to anonymous SecurityContext
2025-05-11 22:13:40,558 DEBUG [http-nio-8080-exec-1] c.o.t.c.SecurityDebugFilter: Request Method: GET
2025-05-11 22:13:40,559 DEBUG [http-nio-8080-exec-10] o.s.s.w.FilterChainProxy: Secured GET /swagger-ui/swagger-ui-bundle.js
2025-05-11 22:13:40,560 DEBUG [http-nio-8080-exec-1] c.o.t.c.SecurityDebugFilter: Request Headers: org.springframework.security.web.firewall.StrictHttpFirewall$StrictFirewalledRequest$2@dcb208c
2025-05-11 22:13:40,559 DEBUG [http-nio-8080-exec-2] o.s.w.s.h.AbstractHandlerMapping: Mapped to ResourceHttpRequestHandler [classpath [META-INF/resources/webjars/]]
2025-05-11 22:13:40,560 DEBUG [http-nio-8080-exec-1] c.o.t.c.SecurityDebugFilter: Authorization Header: null
2025-05-11 22:13:40,560 DEBUG [http-nio-8080-exec-10] c.o.t.c.SecurityDebugFilter: Request URI: /api/v1/swagger-ui/swagger-ui-bundle.js
2025-05-11 22:13:40,561 DEBUG [http-nio-8080-exec-10] c.o.t.c.SecurityDebugFilter: Request Method: GET
2025-05-11 22:13:40,561 DEBUG [http-nio-8080-exec-1] o.s.c.l.LogFormatUtils: GET "/api/v1/swagger-ui/swagger-ui-standalone-preset.js", parameters={}
2025-05-11 22:13:40,561 DEBUG [http-nio-8080-exec-8] o.s.w.s.FrameworkServlet: Completed 200 OK
2025-05-11 22:13:40,562 DEBUG [http-nio-8080-exec-8] c.o.t.c.SecurityDebugFilter: Response Status: 200
2025-05-11 22:13:40,562 DEBUG [http-nio-8080-exec-10] c.o.t.c.SecurityDebugFilter: Request Headers: org.springframework.security.web.firewall.StrictHttpFirewall$StrictFirewalledRequest$2@2fdef21e
2025-05-11 22:13:40,563 DEBUG [http-nio-8080-exec-9] o.s.w.s.FrameworkServlet: Completed 200 OK
2025-05-11 22:13:40,563 DEBUG [http-nio-8080-exec-1] o.s.w.s.h.AbstractHandlerMapping: Mapped to ResourceHttpRequestHandler [classpath [META-INF/resources/webjars/]]
2025-05-11 22:13:40,563 DEBUG [http-nio-8080-exec-10] c.o.t.c.SecurityDebugFilter: Authorization Header: null
2025-05-11 22:13:40,565 DEBUG [http-nio-8080-exec-9] c.o.t.c.SecurityDebugFilter: Response Status: 200
2025-05-11 22:13:40,566 DEBUG [http-nio-8080-exec-10] o.s.c.l.LogFormatUtils: GET "/api/v1/swagger-ui/swagger-ui-bundle.js", parameters={}
2025-05-11 22:13:40,567 DEBUG [http-nio-8080-exec-10] o.s.w.s.h.AbstractHandlerMapping: Mapped to ResourceHttpRequestHandler [classpath [META-INF/resources/webjars/]]
2025-05-11 22:13:40,576 DEBUG [http-nio-8080-exec-1] o.s.w.s.FrameworkServlet: Completed 200 OK
2025-05-11 22:13:40,577 DEBUG [http-nio-8080-exec-1] c.o.t.c.SecurityDebugFilter: Response Status: 200
2025-05-11 22:13:40,582 DEBUG [http-nio-8080-exec-2] o.s.w.s.FrameworkServlet: Completed 200 OK
2025-05-11 22:13:40,584 DEBUG [http-nio-8080-exec-2] c.o.t.c.SecurityDebugFilter: Response Status: 200
2025-05-11 22:13:40,599 DEBUG [http-nio-8080-exec-10] o.s.w.s.FrameworkServlet: Completed 200 OK
2025-05-11 22:13:40,600 DEBUG [http-nio-8080-exec-10] c.o.t.c.SecurityDebugFilter: Response Status: 200
2025-05-11 22:13:41,610 DEBUG [http-nio-8080-exec-3] o.s.s.w.FilterChainProxy: Securing GET /api-docs/swagger-config
2025-05-11 22:13:41,611 DEBUG [http-nio-8080-exec-3] o.s.s.w.a.AnonymousAuthenticationFilter: Set SecurityContextHolder to anonymous SecurityContext
2025-05-11 22:13:41,613 DEBUG [http-nio-8080-exec-3] o.s.s.w.FilterChainProxy: Secured GET /api-docs/swagger-config
2025-05-11 22:13:41,613 DEBUG [http-nio-8080-exec-3] c.o.t.c.SecurityDebugFilter: Request URI: /api/v1/api-docs/swagger-config
2025-05-11 22:13:41,613 DEBUG [http-nio-8080-exec-3] c.o.t.c.SecurityDebugFilter: Request Method: GET
2025-05-11 22:13:41,613 DEBUG [http-nio-8080-exec-3] c.o.t.c.SecurityDebugFilter: Request Headers: org.springframework.security.web.firewall.StrictHttpFirewall$StrictFirewalledRequest$2@1a03db5f
2025-05-11 22:13:41,614 DEBUG [http-nio-8080-exec-3] c.o.t.c.SecurityDebugFilter: Authorization Header: null
2025-05-11 22:13:41,614 DEBUG [http-nio-8080-exec-3] o.s.c.l.LogFormatUtils: GET "/api/v1/api-docs/swagger-config", parameters={}
2025-05-11 22:13:41,615 DEBUG [http-nio-8080-exec-3] o.s.w.s.h.AbstractHandlerMapping: Mapped to org.springdoc.webmvc.ui.SwaggerConfigResource#openapiJson(HttpServletRequest)
2025-05-11 22:13:41,617 DEBUG [http-nio-8080-exec-3] o.s.w.s.m.m.a.AbstractMessageConverterMethodProcessor: Using 'application/json', given [*/*] and supported [application/json]
2025-05-11 22:13:41,620 DEBUG [http-nio-8080-exec-3] o.s.c.l.LogFormatUtils: Writing [{configUrl=/api/v1/api-docs/swagger-config, filter=true, oauth2RedirectUrl=http://localhost:8080/api (truncated)...]
2025-05-11 22:13:41,622 DEBUG [http-nio-8080-exec-4] o.s.s.w.FilterChainProxy: Securing GET /swagger-ui/favicon-32x32.png
2025-05-11 22:13:41,622 DEBUG [http-nio-8080-exec-3] o.s.w.s.FrameworkServlet: Completed 200 OK
2025-05-11 22:13:41,624 DEBUG [http-nio-8080-exec-3] c.o.t.c.SecurityDebugFilter: Response Status: 200
2025-05-11 22:13:41,624 DEBUG [http-nio-8080-exec-4] o.s.s.w.a.AnonymousAuthenticationFilter: Set SecurityContextHolder to anonymous SecurityContext
2025-05-11 22:13:41,624 DEBUG [http-nio-8080-exec-4] o.s.s.w.FilterChainProxy: Secured GET /swagger-ui/favicon-32x32.png
2025-05-11 22:13:41,625 DEBUG [http-nio-8080-exec-4] c.o.t.c.SecurityDebugFilter: Request URI: /api/v1/swagger-ui/favicon-32x32.png
2025-05-11 22:13:41,625 DEBUG [http-nio-8080-exec-4] c.o.t.c.SecurityDebugFilter: Request Method: GET
2025-05-11 22:13:41,625 DEBUG [http-nio-8080-exec-4] c.o.t.c.SecurityDebugFilter: Request Headers: org.springframework.security.web.firewall.StrictHttpFirewall$StrictFirewalledRequest$2@5e899da0
2025-05-11 22:13:41,625 DEBUG [http-nio-8080-exec-4] c.o.t.c.SecurityDebugFilter: Authorization Header: null
2025-05-11 22:13:41,625 DEBUG [http-nio-8080-exec-4] o.s.c.l.LogFormatUtils: GET "/api/v1/swagger-ui/favicon-32x32.png", parameters={}
2025-05-11 22:13:41,626 DEBUG [http-nio-8080-exec-4] o.s.w.s.h.AbstractHandlerMapping: Mapped to ResourceHttpRequestHandler [classpath [META-INF/resources/webjars/]]
2025-05-11 22:13:41,628 DEBUG [http-nio-8080-exec-4] o.s.w.s.FrameworkServlet: Completed 200 OK
2025-05-11 22:13:41,629 DEBUG [http-nio-8080-exec-4] c.o.t.c.SecurityDebugFilter: Response Status: 200
2025-05-11 22:13:41,649 DEBUG [http-nio-8080-exec-5] o.s.s.w.FilterChainProxy: Securing GET /api-docs
2025-05-11 22:13:41,650 DEBUG [http-nio-8080-exec-5] o.s.s.w.a.AnonymousAuthenticationFilter: Set SecurityContextHolder to anonymous SecurityContext
2025-05-11 22:13:41,650 DEBUG [http-nio-8080-exec-5] o.s.s.w.FilterChainProxy: Secured GET /api-docs
2025-05-11 22:13:41,650 DEBUG [http-nio-8080-exec-5] c.o.t.c.SecurityDebugFilter: Request URI: /api/v1/api-docs
2025-05-11 22:13:41,650 DEBUG [http-nio-8080-exec-5] c.o.t.c.SecurityDebugFilter: Request Method: GET
2025-05-11 22:13:41,651 DEBUG [http-nio-8080-exec-5] c.o.t.c.SecurityDebugFilter: Request Headers: org.springframework.security.web.firewall.StrictHttpFirewall$StrictFirewalledRequest$2@61bd17a7
2025-05-11 22:13:41,651 DEBUG [http-nio-8080-exec-5] c.o.t.c.SecurityDebugFilter: Authorization Header: null
2025-05-11 22:13:41,651 DEBUG [http-nio-8080-exec-5] o.s.c.l.LogFormatUtils: GET "/api/v1/api-docs", parameters={}
2025-05-11 22:13:41,651 DEBUG [http-nio-8080-exec-5] o.s.w.s.h.AbstractHandlerMapping: Mapped to org.springdoc.webmvc.api.OpenApiWebMvcResource#openapiJson(HttpServletRequest, String, Locale)
2025-05-11 22:13:42,309 INFO  [http-nio-8080-exec-5] o.s.a.AbstractOpenApiResource: Init duration for springdoc-openapi is: 649 ms
2025-05-11 22:13:42,338 DEBUG [http-nio-8080-exec-5] o.s.w.s.m.m.a.AbstractMessageConverterMethodProcessor: Using 'application/json', given [application/json, */*] and supported [application/json]
2025-05-11 22:13:42,342 DEBUG [http-nio-8080-exec-5] o.s.c.l.LogFormatUtils: Writing [{123, 34, 111, 112, 101, 110, 97, 112, 105, 34, 58, 34, 51, 46, 48, 46, 49, 34, 44, 34, 105, 110, 10 (truncated)...]
2025-05-11 22:13:42,343 DEBUG [http-nio-8080-exec-5] o.s.w.s.FrameworkServlet: Completed 200 OK
2025-05-11 22:13:42,344 DEBUG [http-nio-8080-exec-5] c.o.t.c.SecurityDebugFilter: Response Status: 200
2025-05-11 22:21:14,668 DEBUG [http-nio-8080-exec-10] o.s.s.w.FilterChainProxy: Securing GET /assignments/active
2025-05-11 22:21:14,674 DEBUG [http-nio-8080-exec-10] o.s.s.w.a.AnonymousAuthenticationFilter: Set SecurityContextHolder to anonymous SecurityContext
2025-05-11 22:21:14,676 DEBUG [http-nio-8080-exec-10] o.s.s.w.a.Http403ForbiddenEntryPoint: Pre-authenticated entry point called. Rejecting access
2025-05-11 22:21:14,694 DEBUG [http-nio-8080-exec-10] o.s.s.w.FilterChainProxy: Securing GET /error
2025-05-11 22:21:14,695 DEBUG [http-nio-8080-exec-10] o.s.s.w.a.AnonymousAuthenticationFilter: Set SecurityContextHolder to anonymous SecurityContext
2025-05-11 22:21:14,695 DEBUG [http-nio-8080-exec-10] o.s.s.w.a.Http403ForbiddenEntryPoint: Pre-authenticated entry point called. Rejecting access
